2026-09-16 09:17:17.281 [main] ERROR o.s.b.w.e.tomcat.TomcatStarter [] - Error starting Tomcat context. Exception: org.springframework.beans.factory.UnsatisfiedDependencyException. Message: Error creating bean with name 'webSecurityConfig' defined in file [C:\Users\PC\devhub-b\bootstrap\build\classes\java\main\teamdevhub\devhub\shared\config\WebSecurityConfig.class]: Unsatisfied dependency expressed through constructor parameter 1: Error creating bean with name 'customAuthenticationProvider' defined in URL [jar:file:/C:/Users/PC/devhub-b/identity/build/libs/identity.jar!/teamdevhub/devhub/outbound/security/auth/CustomAuthenticationProvider.class]: Unsatisfied dependency expressed through constructor parameter 0: Error creating bean with name 'emailUserCredentialAdapter' defined in URL [jar:file:/C:/Users/PC/devhub-b/identity/build/libs/identity.jar!/teamdevhub/devhub/outbound/auth/adapter/EmailUserCredentialAdapter.class]: Unsatisfied dependency expressed through constructor parameter 0: Error creating bean with name 'jpaEmailCredentialRepository' defined in teamdevhub.devhub.outbound.auth.persistence.JpaEmailCredentialRepository defined in @EnableJpaRepositories declared on JpaRepositoriesRegistrar.EnableJpaRepositoriesConfiguration: Cannot resolve reference to bean 'jpaSharedEM_entityManagerFactory' while setting bean property 'entityManager'
2026-09-16 09:17:17.348 [main] ERROR o.s.boot.SpringApplication [] - Application run failed
org.springframework.context.ApplicationContextException: Unable to start web server
	at org.springframework.boot.web.servlet.context.ServletWebServerApplicationContext.onRefresh(ServletWebServerApplicationContext.java:170)
	at org.springframework.context.support.AbstractApplicationContext.refresh(AbstractApplicationContext.java:621)
	at org.springframework.boot.web.servlet.context.ServletWebServerApplicationContext.refresh(ServletWebServerApplicationContext.java:146)
Caused by: org.springframework.boot.web.server.WebServerException: Unable to start embedded Tomcat
	at org.springframework.boot.web.embedded.tomcat.TomcatWebServer.initialize(TomcatWebServer.java:147)
	at org.springframework.boot.web.embedded.tomcat.TomcatWebServer.<init>(TomcatWebServer.java:107)
	at org.springframework.boot.web.embedded.tomcat.TomcatServletWebServerFactory.getTomcatWebServer(TomcatServletWebServerFactory.java:517)
Caused by: org.springframework.beans.factory.UnsatisfiedDependencyException: Error creating bean with name 'webSecurityConfig' defined in file [C:\Users\PC\devhub-b\bootstrap\build\classes\java\main\teamdevhub\devhub\shared\config\WebSecurityConfig.class]: Unsatisfied dependency expressed through constructor parameter 1: Error creating bean with name 'customAuthenticationProvider' defined in URL [jar:file:/C:/Users/PC/devhub-b/identity/build/libs/identity.jar!/teamdevhub/devhub/outbound/security/auth/CustomAuthenticationProvider.class]: Unsatisfied dependency expressed through constructor parameter 0: Error creating bean with name 'emailUserCredentialAdapter' defined in URL [jar:file:/C:/Users/PC/devhub-b/identity/build/libs/identity.jar!/teamdevhub/devhub/outbound/auth/adapter/EmailUserCredentialAdapter.class]: Unsatisfied dependency expressed through constructor parameter 0: Error creating bean with name 'jpaEmailCredentialRepository' defined in teamdevhub.devhub.outbound.auth.persistence.JpaEmailCredentialRepository defined in @EnableJpaRepositories declared on JpaRepositoriesRegistrar.EnableJpaRepositoriesConfiguration: Cannot resolve reference to bean 'jpaSharedEM_entityManagerFactory' while setting bean property 'entityManager'
	at org.springframework.beans.factory.support.ConstructorResolver.createArgumentArray(ConstructorResolver.java:804)
	at org.springframework.beans.factory.support.ConstructorResolver.autowireConstructor(ConstructorResolver.java:240)
	at org.springframework.beans.factory.support.AbstractAutowireCapableBeanFactory.autowireConstructor(AbstractAutowireCapableBeanFactory.java:1395)
Caused by: org.springframework.beans.factory.UnsatisfiedDependencyException: Error creating bean with name 'customAuthenticationProvider' defined in URL [jar:file:/C:/Users/PC/devhub-b/identity/build/libs/identity.jar!/teamdevhub/devhub/outbound/security/auth/CustomAuthenticationProvider.class]: Unsatisfied dependency expressed through constructor parameter 0: Error creating bean with name 'emailUserCredentialAdapter' defined in URL [jar:file:/C:/Users/PC/devhub-b/identity/build/libs/identity.jar!/teamdevhub/devhub/outbound/auth/adapter/EmailUserCredentialAdapter.class]: Unsatisfied dependency expressed through constructor parameter 0: Error creating bean with name 'jpaEmailCredentialRepository' defined in teamdevhub.devhub.outbound.auth.persistence.JpaEmailCredentialRepository defined in @EnableJpaRepositories declared on JpaRepositoriesRegistrar.EnableJpaRepositoriesConfiguration: Cannot resolve reference to bean 'jpaSharedEM_entityManagerFactory' while setting bean property 'entityManager'
	at org.springframework.beans.factory.support.ConstructorResolver.createArgumentArray(ConstructorResolver.java:804)
	at org.springframework.beans.factory.support.ConstructorResolver.autowireConstructor(ConstructorResolver.java:240)
	at org.springframework.beans.factory.support.AbstractAutowireCapableBeanFactory.autowireConstructor(AbstractAutowireCapableBeanFactory.java:1395)
Caused by: org.springframework.beans.factory.UnsatisfiedDependencyException: Error creating bean with name 'emailUserCredentialAdapter' defined in URL [jar:file:/C:/Users/PC/devhub-b/identity/build/libs/identity.jar!/teamdevhub/devhub/outbound/auth/adapter/EmailUserCredentialAdapter.class]: Unsatisfied dependency expressed through constructor parameter 0: Error creating bean with name 'jpaEmailCredentialRepository' defined in teamdevhub.devhub.outbound.auth.persistence.JpaEmailCredentialRepository defined in @EnableJpaRepositories declared on JpaRepositoriesRegistrar.EnableJpaRepositoriesConfiguration: Cannot resolve reference to bean 'jpaSharedEM_entityManagerFactory' while setting bean property 'entityManager'
	at org.springframework.beans.factory.support.ConstructorResolver.createArgumentArray(ConstructorResolver.java:804)
	at org.springframework.beans.factory.support.ConstructorResolver.autowireConstructor(ConstructorResolver.java:240)
	at org.springframework.beans.factory.support.AbstractAutowireCapableBeanFactory.autowireConstructor(AbstractAutowireCapableBeanFactory.java:1395)
Caused by: org.springframework.beans.factory.BeanCreationException: Error creating bean with name 'jpaEmailCredentialRepository' defined in teamdevhub.devhub.outbound.auth.persistence.JpaEmailCredentialRepository defined in @EnableJpaRepositories declared on JpaRepositoriesRegistrar.EnableJpaRepositoriesConfiguration: Cannot resolve reference to bean 'jpaSharedEM_entityManagerFactory' while setting bean property 'entityManager'
	at org.springframework.beans.factory.support.BeanDefinitionValueResolver.resolveReference(BeanDefinitionValueResolver.java:377)
	at org.springframework.beans.factory.support.BeanDefinitionValueResolver.resolveValueIfNecessary(BeanDefinitionValueResolver.java:135)
	at org.springframework.beans.factory.support.AbstractAutowireCapableBeanFactory.applyPropertyValues(AbstractAutowireCapableBeanFactory.java:1725)
Caused by: org.springframework.beans.factory.BeanCreationException: Error creating bean with name 'jpaSharedEM_entityManagerFactory': Cannot resolve reference to bean 'entityManagerFactory' while setting constructor argument
	at org.springframework.beans.factory.support.BeanDefinitionValueResolver.resolveReference(BeanDefinitionValueResolver.java:377)
	at org.springframework.beans.factory.support.BeanDefinitionValueResolver.resolveValueIfNecessary(BeanDefinitionValueResolver.java:135)
	at org.springframework.beans.factory.support.ConstructorResolver.resolveConstructorArguments(ConstructorResolver.java:691)
Caused by: org.springframework.beans.factory.UnsatisfiedDependencyException: Error creating bean with name 'org.springframework.boot.autoconfigure.orm.jpa.HibernateJpaConfiguration': Unsatisfied dependency expressed through constructor parameter 0: Error creating bean with name 'dataSource' defined in class path resource [org/springframework/boot/autoconfigure/jdbc/DataSourceConfiguration$Hikari.class]: Failed to instantiate [com.zaxxer.hikari.HikariDataSource]: Factory method 'dataSource' threw exception with message: Cannot load driver class: org.h2.Driver
	at org.springframework.beans.factory.support.ConstructorResolver.createArgumentArray(ConstructorResolver.java:804)
	at org.springframework.beans.factory.support.ConstructorResolver.autowireConstructor(ConstructorResolver.java:240)
	at org.springframework.beans.factory.support.AbstractAutowireCapableBeanFactory.autowireConstructor(AbstractAutowireCapableBeanFactory.java:1395)
Caused by: org.springframework.beans.factory.BeanCreationException: Error creating bean with name 'dataSource' defined in class path resource [org/springframework/boot/autoconfigure/jdbc/DataSourceConfiguration$Hikari.class]: Failed to instantiate [com.zaxxer.hikari.HikariDataSource]: Factory method 'dataSource' threw exception with message: Cannot load driver class: org.h2.Driver
	at org.springframework.beans.factory.support.ConstructorResolver.instantiate(ConstructorResolver.java:657)
	at org.springframework.beans.factory.support.ConstructorResolver.instantiateUsingFactoryMethod(ConstructorResolver.java:645)
	at org.springframework.beans.factory.support.AbstractAutowireCapableBeanFactory.instantiateUsingFactoryMethod(AbstractAutowireCapableBeanFactory.java:1375)
Caused by: org.springframework.beans.BeanInstantiationException: Failed to instantiate [com.zaxxer.hikari.HikariDataSource]: Factory method 'dataSource' threw exception with message: Cannot load driver class: org.h2.Driver
	at org.springframework.beans.factory.support.SimpleInstantiationStrategy.lambda$instantiate$0(SimpleInstantiationStrategy.java:200)
	at org.springframework.beans.factory.support.SimpleInstantiationStrategy.instantiateWithFactoryMethod(SimpleInstantiationStrategy.java:89)
	at org.springframework.beans.factory.support.SimpleInstantiationStrategy.instantiate(SimpleInstantiationStrategy.java:169)
Caused by: java.lang.IllegalStateException: Cannot load driver class: org.h2.Driver
	at org.springframework.util.Assert.state(Assert.java:101)
	at org.springframework.boot.autoconfigure.jdbc.DataSourceProperties.findDriverClassName(DataSourceProperties.java:184)
	at org.springframework.boot.autoconfigure.jdbc.DataSourceProperties.determineDriverClassName(DataSourceProperties.java:174)
2026-09-16 09:17:51.052 [main] ERROR o.h.e.jdbc.spi.SqlExceptionHelper [] - Connection is broken: "java.net.ConnectException: Connection refused: getsockopt: localhost" [90067-232]
2026-09-16 09:17:51.057 [main] ERROR o.s.o.j.LocalContainerEntityManagerFactoryBean [] - Failed to initialize JPA EntityManagerFactory: Unable to create requested service [org.hibernate.engine.jdbc.env.spi.JdbcEnvironment] due to: Unable to determine Dialect without JDBC metadata (please set 'jakarta.persistence.jdbc.url' for common cases or 'hibernate.dialect' when a custom Dialect implementation must be provided)
2026-09-16 09:17:51.058 [main] ERROR o.s.b.w.e.tomcat.TomcatStarter [] - Error starting Tomcat context. Exception: org.springframework.beans.factory.UnsatisfiedDependencyException. Message: Error creating bean with name 'webSecurityConfig' defined in file [C:\Users\PC\devhub-b\bootstrap\build\classes\java\main\teamdevhub\devhub\shared\config\WebSecurityConfig.class]: Unsatisfied dependency expressed through constructor parameter 1: Error creating bean with name 'customAuthenticationProvider' defined in URL [jar:file:/C:/Users/PC/devhub-b/identity/build/libs/identity.jar!/teamdevhub/devhub/outbound/security/auth/CustomAuthenticationProvider.class]: Unsatisfied dependency expressed through constructor parameter 0: Error creating bean with name 'emailUserCredentialAdapter' defined in URL [jar:file:/C:/Users/PC/devhub-b/identity/build/libs/identity.jar!/teamdevhub/devhub/outbound/auth/adapter/EmailUserCredentialAdapter.class]: Unsatisfied dependency expressed through constructor parameter 0: Error creating bean with name 'jpaEmailCredentialRepository' defined in teamdevhub.devhub.outbound.auth.persistence.JpaEmailCredentialRepository defined in @EnableJpaRepositories declared on JpaRepositoriesRegistrar.EnableJpaRepositoriesConfiguration: Cannot resolve reference to bean 'jpaSharedEM_entityManagerFactory' while setting bean property 'entityManager'
2026-09-16 09:17:51.138 [main] ERROR o.s.boot.SpringApplication [] - Application run failed
org.springframework.context.ApplicationContextException: Unable to start web server
	at org.springframework.boot.web.servlet.context.ServletWebServerApplicationContext.onRefresh(ServletWebServerApplicationContext.java:170)
	at org.springframework.context.support.AbstractApplicationContext.refresh(AbstractApplicationContext.java:621)
	at org.springframework.boot.web.servlet.context.ServletWebServerApplicationContext.refresh(ServletWebServerApplicationContext.java:146)
Caused by: org.springframework.boot.web.server.WebServerException: Unable to start embedded Tomcat
	at org.springframework.boot.web.embedded.tomcat.TomcatWebServer.initialize(TomcatWebServer.java:147)
	at org.springframework.boot.web.embedded.tomcat.TomcatWebServer.<init>(TomcatWebServer.java:107)
	at org.springframework.boot.web.embedded.tomcat.TomcatServletWebServerFactory.getTomcatWebServer(TomcatServletWebServerFactory.java:517)
Caused by: org.springframework.beans.factory.UnsatisfiedDependencyException: Error creating bean with name 'webSecurityConfig' defined in file [C:\Users\PC\devhub-b\bootstrap\build\classes\java\main\teamdevhub\devhub\shared\config\WebSecurityConfig.class]: Unsatisfied dependency expressed through constructor parameter 1: Error creating bean with name 'customAuthenticationProvider' defined in URL [jar:file:/C:/Users/PC/devhub-b/identity/build/libs/identity.jar!/teamdevhub/devhub/outbound/security/auth/CustomAuthenticationProvider.class]: Unsatisfied dependency expressed through constructor parameter 0: Error creating bean with name 'emailUserCredentialAdapter' defined in URL [jar:file:/C:/Users/PC/devhub-b/identity/build/libs/identity.jar!/teamdevhub/devhub/outbound/auth/adapter/EmailUserCredentialAdapter.class]: Unsatisfied dependency expressed through constructor parameter 0: Error creating bean with name 'jpaEmailCredentialRepository' defined in teamdevhub.devhub.outbound.auth.persistence.JpaEmailCredentialRepository defined in @EnableJpaRepositories declared on JpaRepositoriesRegistrar.EnableJpaRepositoriesConfiguration: Cannot resolve reference to bean 'jpaSharedEM_entityManagerFactory' while setting bean property 'entityManager'
	at org.springframework.beans.factory.support.ConstructorResolver.createArgumentArray(ConstructorResolver.java:804)
	at org.springframework.beans.factory.support.ConstructorResolver.autowireConstructor(ConstructorResolver.java:240)
	at org.springframework.beans.factory.support.AbstractAutowireCapableBeanFactory.autowireConstructor(AbstractAutowireCapableBeanFactory.java:1395)
Caused by: org.springframework.beans.factory.UnsatisfiedDependencyException: Error creating bean with name 'customAuthenticationProvider' defined in URL [jar:file:/C:/Users/PC/devhub-b/identity/build/libs/identity.jar!/teamdevhub/devhub/outbound/security/auth/CustomAuthenticationProvider.class]: Unsatisfied dependency expressed through constructor parameter 0: Error creating bean with name 'emailUserCredentialAdapter' defined in URL [jar:file:/C:/Users/PC/devhub-b/identity/build/libs/identity.jar!/teamdevhub/devhub/outbound/auth/adapter/EmailUserCredentialAdapter.class]: Unsatisfied dependency expressed through constructor parameter 0: Error creating bean with name 'jpaEmailCredentialRepository' defined in teamdevhub.devhub.outbound.auth.persistence.JpaEmailCredentialRepository defined in @EnableJpaRepositories declared on JpaRepositoriesRegistrar.EnableJpaRepositoriesConfiguration: Cannot resolve reference to bean 'jpaSharedEM_entityManagerFactory' while setting bean property 'entityManager'
	at org.springframework.beans.factory.support.ConstructorResolver.createArgumentArray(ConstructorResolver.java:804)
	at org.springframework.beans.factory.support.ConstructorResolver.autowireConstructor(ConstructorResolver.java:240)
	at org.springframework.beans.factory.support.AbstractAutowireCapableBeanFactory.autowireConstructor(AbstractAutowireCapableBeanFactory.java:1395)
Caused by: org.springframework.beans.factory.UnsatisfiedDependencyException: Error creating bean with name 'emailUserCredentialAdapter' defined in URL [jar:file:/C:/Users/PC/devhub-b/identity/build/libs/identity.jar!/teamdevhub/devhub/outbound/auth/adapter/EmailUserCredentialAdapter.class]: Unsatisfied dependency expressed through constructor parameter 0: Error creating bean with name 'jpaEmailCredentialRepository' defined in teamdevhub.devhub.outbound.auth.persistence.JpaEmailCredentialRepository defined in @EnableJpaRepositories declared on JpaRepositoriesRegistrar.EnableJpaRepositoriesConfiguration: Cannot resolve reference to bean 'jpaSharedEM_entityManagerFactory' while setting bean property 'entityManager'
	at org.springframework.beans.factory.support.ConstructorResolver.createArgumentArray(ConstructorResolver.java:804)
	at org.springframework.beans.factory.support.ConstructorResolver.autowireConstructor(ConstructorResolver.java:240)
	at org.springframework.beans.factory.support.AbstractAutowireCapableBeanFactory.autowireConstructor(AbstractAutowireCapableBeanFactory.java:1395)
Caused by: org.springframework.beans.factory.BeanCreationException: Error creating bean with name 'jpaEmailCredentialRepository' defined in teamdevhub.devhub.outbound.auth.persistence.JpaEmailCredentialRepository defined in @EnableJpaRepositories declared on JpaRepositoriesRegistrar.EnableJpaRepositoriesConfiguration: Cannot resolve reference to bean 'jpaSharedEM_entityManagerFactory' while setting bean property 'entityManager'
	at org.springframework.beans.factory.support.BeanDefinitionValueResolver.resolveReference(BeanDefinitionValueResolver.java:377)
	at org.springframework.beans.factory.support.BeanDefinitionValueResolver.resolveValueIfNecessary(BeanDefinitionValueResolver.java:135)
	at org.springframework.beans.factory.support.AbstractAutowireCapableBeanFactory.applyPropertyValues(AbstractAutowireCapableBeanFactory.java:1725)
Caused by: org.springframework.beans.factory.BeanCreationException: Error creating bean with name 'jpaSharedEM_entityManagerFactory': Cannot resolve reference to bean 'entityManagerFactory' while setting constructor argument
	at org.springframework.beans.factory.support.BeanDefinitionValueResolver.resolveReference(BeanDefinitionValueResolver.java:377)
	at org.springframework.beans.factory.support.BeanDefinitionValueResolver.resolveValueIfNecessary(BeanDefinitionValueResolver.java:135)
	at org.springframework.beans.factory.support.ConstructorResolver.resolveConstructorArguments(ConstructorResolver.java:691)
Caused by: org.springframework.beans.factory.BeanCreationException: Error creating bean with name 'entityManagerFactory' defined in class path resource [org/springframework/boot/autoconfigure/orm/jpa/HibernateJpaConfiguration.class]: Unable to create requested service [org.hibernate.engine.jdbc.env.spi.JdbcEnvironment] due to: Unable to determine Dialect without JDBC metadata (please set 'jakarta.persistence.jdbc.url' for common cases or 'hibernate.dialect' when a custom Dialect implementation must be provided)
	at org.springframework.beans.factory.support.AbstractAutowireCapableBeanFactory.initializeBean(AbstractAutowireCapableBeanFactory.java:1826)
	at org.springframework.beans.factory.support.AbstractAutowireCapableBeanFactory.doCreateBean(AbstractAutowireCapableBeanFactory.java:607)
	at org.springframework.beans.factory.support.AbstractAutowireCapableBeanFactory.createBean(AbstractAutowireCapableBeanFactory.java:529)
Caused by: org.hibernate.service.spi.ServiceException: Unable to create requested service [org.hibernate.engine.jdbc.env.spi.JdbcEnvironment] due to: Unable to determine Dialect without JDBC metadata (please set 'jakarta.persistence.jdbc.url' for common cases or 'hibernate.dialect' when a custom Dialect implementation must be provided)
	at org.hibernate.service.internal.AbstractServiceRegistryImpl.createService(AbstractServiceRegistryImpl.java:276)
	at org.hibernate.service.internal.AbstractServiceRegistryImpl.initializeService(AbstractServiceRegistryImpl.java:238)
	at org.hibernate.service.internal.AbstractServiceRegistryImpl.getService(AbstractServiceRegistryImpl.java:215)
Caused by: org.hibernate.HibernateException: Unable to determine Dialect without JDBC metadata (please set 'jakarta.persistence.jdbc.url' for common cases or 'hibernate.dialect' when a custom Dialect implementation must be provided)
	at org.hibernate.engine.jdbc.dialect.internal.DialectFactoryImpl.determineDialect(DialectFactoryImpl.java:191)
	at org.hibernate.engine.jdbc.dialect.internal.DialectFactoryImpl.buildDialect(DialectFactoryImpl.java:87)
	at org.hibernate.engine.jdbc.env.internal.JdbcEnvironmentInitiator.getJdbcEnvironmentWithDefaults(JdbcEnvironmentInitiator.java:186)
2026-09-16 09:59:04.889 [Test worker] ERROR o.s.boot.SpringApplication [] - Application run failed
org.springframework.beans.factory.UnsatisfiedDependencyException: Error creating bean with name 'webSecurityConfig' defined in file [C:\Users\PC\devhub-b\bootstrap\build\classes\java\main\teamdevhub\devhub\shared\config\WebSecurityConfig.class]: Unsatisfied dependency expressed through constructor parameter 0: Error creating bean with name 'jwtTokenCodec': Injection of autowired dependencies failed
	at org.springframework.beans.factory.support.ConstructorResolver.createArgumentArray(ConstructorResolver.java:804)
	at org.springframework.beans.factory.support.ConstructorResolver.autowireConstructor(ConstructorResolver.java:240)
	at org.springframework.beans.factory.support.AbstractAutowireCapableBeanFactory.autowireConstructor(AbstractAutowireCapableBeanFactory.java:1395)
Caused by: org.springframework.beans.factory.BeanCreationException: Error creating bean with name 'jwtTokenCodec': Injection of autowired dependencies failed
	at org.springframework.beans.factory.annotation.AutowiredAnnotationBeanPostProcessor.postProcessProperties(AutowiredAnnotationBeanPostProcessor.java:515)
	at org.springframework.beans.factory.support.AbstractAutowireCapableBeanFactory.populateBean(AbstractAutowireCapableBeanFactory.java:1459)
	at org.springframework.beans.factory.support.AbstractAutowireCapableBeanFactory.doCreateBean(AbstractAutowireCapableBeanFactory.java:606)
Caused by: org.springframework.util.PlaceholderResolutionException: Could not resolve placeholder 'jwt.secret.key' in value "${jwt.secret.key}"
	at org.springframework.util.PlaceholderResolutionException.withValue(PlaceholderResolutionException.java:81)
	at org.springframework.util.PlaceholderParser$ParsedValue.resolve(PlaceholderParser.java:298)
	at org.springframework.util.PlaceholderParser.replacePlaceholders(PlaceholderParser.java:131)
2026-09-16 09:59:09.286 [Test worker] ERROR o.s.boot.SpringApplication [] - Application run failed
org.springframework.beans.factory.UnsatisfiedDependencyException: Error creating bean with name 'webSecurityConfig' defined in file [C:\Users\PC\devhub-b\bootstrap\build\classes\java\main\teamdevhub\devhub\shared\config\WebSecurityConfig.class]: Unsatisfied dependency expressed through constructor parameter 0: Error creating bean with name 'jwtTokenCodec': Injection of autowired dependencies failed
	at org.springframework.beans.factory.support.ConstructorResolver.createArgumentArray(ConstructorResolver.java:804)
	at org.springframework.beans.factory.support.ConstructorResolver.autowireConstructor(ConstructorResolver.java:240)
	at org.springframework.beans.factory.support.AbstractAutowireCapableBeanFactory.autowireConstructor(AbstractAutowireCapableBeanFactory.java:1395)
Caused by: org.springframework.beans.factory.BeanCreationException: Error creating bean with name 'jwtTokenCodec': Injection of autowired dependencies failed
	at org.springframework.beans.factory.annotation.AutowiredAnnotationBeanPostProcessor.postProcessProperties(AutowiredAnnotationBeanPostProcessor.java:515)
	at org.springframework.beans.factory.support.AbstractAutowireCapableBeanFactory.populateBean(AbstractAutowireCapableBeanFactory.java:1459)
	at org.springframework.beans.factory.support.AbstractAutowireCapableBeanFactory.doCreateBean(AbstractAutowireCapableBeanFactory.java:606)
Caused by: org.springframework.util.PlaceholderResolutionException: Could not resolve placeholder 'jwt.secret.key' in value "${jwt.secret.key}"
	at org.springframework.util.PlaceholderResolutionException.withValue(PlaceholderResolutionException.java:81)
	at org.springframework.util.PlaceholderParser$ParsedValue.resolve(PlaceholderParser.java:298)
	at org.springframework.util.PlaceholderParser.replacePlaceholders(PlaceholderParser.java:131)
2026-09-16 09:59:10.409 [Test worker] ERROR t.d.o.s.f.CustomFilterExceptionHandler [] - FilterExceptionHandler response write error
java.lang.RuntimeException: Test Error occurred
	at teamdevhub.devhub.medium.outbound.security.filter.CustomFilterExceptionHandlerTest$1.getWriter(CustomFilterExceptionHandlerTest.java:62)
	at teamdevhub.devhub.outbound.security.filter.CustomFilterExceptionHandler.handle(CustomFilterExceptionHandler.java:30)
	at teamdevhub.devhub.medium.outbound.security.filter.CustomFilterExceptionHandlerTest.lambda$swallowExceptionIfResponseWriteFails$0(CustomFilterExceptionHandlerTest.java:68)
2026-09-16 09:59:13.087 [Test worker] ERROR o.s.boot.SpringApplication [] - Application run failed
org.springframework.beans.factory.UnsatisfiedDependencyException: Error creating bean with name 'webSecurityConfig' defined in file [C:\Users\PC\devhub-b\bootstrap\build\classes\java\main\teamdevhub\devhub\shared\config\WebSecurityConfig.class]: Unsatisfied dependency expressed through constructor parameter 0: Error creating bean with name 'jwtTokenCodec': Injection of autowired dependencies failed
	at org.springframework.beans.factory.support.ConstructorResolver.createArgumentArray(ConstructorResolver.java:804)
	at org.springframework.beans.factory.support.ConstructorResolver.autowireConstructor(ConstructorResolver.java:240)
	at org.springframework.beans.factory.support.AbstractAutowireCapableBeanFactory.autowireConstructor(AbstractAutowireCapableBeanFactory.java:1395)
Caused by: org.springframework.beans.factory.BeanCreationException: Error creating bean with name 'jwtTokenCodec': Injection of autowired dependencies failed
	at org.springframework.beans.factory.annotation.AutowiredAnnotationBeanPostProcessor.postProcessProperties(AutowiredAnnotationBeanPostProcessor.java:515)
	at org.springframework.beans.factory.support.AbstractAutowireCapableBeanFactory.populateBean(AbstractAutowireCapableBeanFactory.java:1459)
	at org.springframework.beans.factory.support.AbstractAutowireCapableBeanFactory.doCreateBean(AbstractAutowireCapableBeanFactory.java:606)
Caused by: org.springframework.util.PlaceholderResolutionException: Could not resolve placeholder 'jwt.secret.key' in value "${jwt.secret.key}"
	at org.springframework.util.PlaceholderResolutionException.withValue(PlaceholderResolutionException.java:81)
	at org.springframework.util.PlaceholderParser$ParsedValue.resolve(PlaceholderParser.java:298)
	at org.springframework.util.PlaceholderParser.replacePlaceholders(PlaceholderParser.java:131)
2026-09-16 09:59:13.452 [Test worker] ERROR ERROR_FILE [] - [null] -----GlobalExceptionHandler-----: 본인인증에 실패했습니다
teamdevhub.devhub.core.common.exception.BusinessRuleException: 본인인증에 실패했습니다
	at teamdevhub.devhub.core.common.exception.BusinessRuleException.of(BusinessRuleException.java:17)
	at teamdevhub.devhub.medium.shared.exception.GlobalExceptionHandlerTest$TestController.businessException(GlobalExceptionHandlerTest.java:40)
	at java.base/jdk.internal.reflect.NativeMethodAccessorImpl.invoke0(Native Method)
2026-09-16 09:59:13.453 [Test worker] ERROR t.d.s.e.GlobalExceptionHandler [] - [null] -----GlobalExceptionHandler-----: 본인인증에 실패했습니다
teamdevhub.devhub.core.common.exception.BusinessRuleException: 본인인증에 실패했습니다
	at teamdevhub.devhub.core.common.exception.BusinessRuleException.of(BusinessRuleException.java:17)
	at teamdevhub.devhub.medium.shared.exception.GlobalExceptionHandlerTest$TestController.businessException(GlobalExceptionHandlerTest.java:40)
	at java.base/jdk.internal.reflect.NativeMethodAccessorImpl.invoke0(Native Method)
2026-09-16 09:59:13.586 [Test worker] ERROR ERROR_FILE [] - [null] -----GlobalExceptionHandler-----: Test Error Occurred
java.lang.RuntimeException: Test Error Occurred
	at teamdevhub.devhub.medium.shared.exception.GlobalExceptionHandlerTest$TestController.genericException(GlobalExceptionHandlerTest.java:49)
	at java.base/jdk.internal.reflect.NativeMethodAccessorImpl.invoke0(Native Method)
	at java.base/jdk.internal.reflect.NativeMethodAccessorImpl.invoke(NativeMethodAccessorImpl.java:77)
2026-09-16 09:59:13.586 [Test worker] ERROR t.d.s.e.GlobalExceptionHandler [] - [null] -----GlobalExceptionHandler-----: Test Error Occurred
java.lang.RuntimeException: Test Error Occurred
	at teamdevhub.devhub.medium.shared.exception.GlobalExceptionHandlerTest$TestController.genericException(GlobalExceptionHandlerTest.java:49)
	at java.base/jdk.internal.reflect.NativeMethodAccessorImpl.invoke0(Native Method)
	at java.base/jdk.internal.reflect.NativeMethodAccessorImpl.invoke(NativeMethodAccessorImpl.java:77)
2026-09-16 09:59:13.597 [Test worker] ERROR ERROR_FILE [] - [null] -----GlobalExceptionHandler-----: 중복된 계정이 존재합니다
teamdevhub.devhub.core.common.exception.DomainRuleException: 중복된 계정이 존재합니다
	at teamdevhub.devhub.core.common.exception.DomainRuleException.of(DomainRuleException.java:17)
	at teamdevhub.devhub.medium.shared.exception.GlobalExceptionHandlerTest$TestController.domainException(GlobalExceptionHandlerTest.java:35)
	at java.base/jdk.internal.reflect.NativeMethodAccessorImpl.invoke0(Native Method)
2026-09-16 09:59:13.600 [Test worker] ERROR t.d.s.e.GlobalExceptionHandler [] - [null] -----GlobalExceptionHandler-----: 중복된 계정이 존재합니다
teamdevhub.devhub.core.common.exception.DomainRuleException: 중복된 계정이 존재합니다
	at teamdevhub.devhub.core.common.exception.DomainRuleException.of(DomainRuleException.java:17)
	at teamdevhub.devhub.medium.shared.exception.GlobalExceptionHandlerTest$TestController.domainException(GlobalExceptionHandlerTest.java:35)
	at java.base/jdk.internal.reflect.NativeMethodAccessorImpl.invoke0(Native Method)
2026-09-16 09:59:13.625 [Test worker] ERROR ERROR_FILE [] - [null] -----GlobalExceptionHandler-----: Validation failed for argument [0] in private void teamdevhub.devhub.medium.shared.exception.GlobalExceptionHandlerTest.dummyMethod(java.lang.String): 
org.springframework.web.bind.MethodArgumentNotValidException: Validation failed for argument [0] in private void teamdevhub.devhub.medium.shared.exception.GlobalExceptionHandlerTest.dummyMethod(java.lang.String): 
	at teamdevhub.devhub.medium.shared.exception.GlobalExceptionHandlerTest$TestController.validationException(GlobalExceptionHandlerTest.java:45)
	at java.base/jdk.internal.reflect.NativeMethodAccessorImpl.invoke0(Native Method)
	at java.base/jdk.internal.reflect.NativeMethodAccessorImpl.invoke(NativeMethodAccessorImpl.java:77)
2026-09-16 09:59:13.625 [Test worker] ERROR t.d.s.e.GlobalExceptionHandler [] - [null] -----GlobalExceptionHandler-----: Validation failed for argument [0] in private void teamdevhub.devhub.medium.shared.exception.GlobalExceptionHandlerTest.dummyMethod(java.lang.String): 
org.springframework.web.bind.MethodArgumentNotValidException: Validation failed for argument [0] in private void teamdevhub.devhub.medium.shared.exception.GlobalExceptionHandlerTest.dummyMethod(java.lang.String): 
	at teamdevhub.devhub.medium.shared.exception.GlobalExceptionHandlerTest$TestController.validationException(GlobalExceptionHandlerTest.java:45)
	at java.base/jdk.internal.reflect.NativeMethodAccessorImpl.invoke0(Native Method)
	at java.base/jdk.internal.reflect.NativeMethodAccessorImpl.invoke(NativeMethodAccessorImpl.java:77)
2026-09-16 10:03:57.696 [Test worker] ERROR o.s.boot.SpringApplication [] - Application run failed
org.springframework.beans.factory.UnsatisfiedDependencyException: Error creating bean with name 'webSecurityConfig' defined in file [C:\Users\PC\devhub-b\bootstrap\build\classes\java\main\teamdevhub\devhub\shared\config\WebSecurityConfig.class]: Unsatisfied dependency expressed through constructor parameter 0: Error creating bean with name 'jwtTokenCodec': Invocation of init method failed
	at org.springframework.beans.factory.support.ConstructorResolver.createArgumentArray(ConstructorResolver.java:804)
	at org.springframework.beans.factory.support.ConstructorResolver.autowireConstructor(ConstructorResolver.java:240)
	at org.springframework.beans.factory.support.AbstractAutowireCapableBeanFactory.autowireConstructor(AbstractAutowireCapableBeanFactory.java:1395)
Caused by: org.springframework.beans.factory.BeanCreationException: Error creating bean with name 'jwtTokenCodec': Invocation of init method failed
	at org.springframework.beans.factory.annotation.InitDestroyAnnotationBeanPostProcessor.postProcessBeforeInitialization(InitDestroyAnnotationBeanPostProcessor.java:222)
	at org.springframework.beans.factory.support.AbstractAutowireCapableBeanFactory.applyBeanPostProcessorsBeforeInitialization(AbstractAutowireCapableBeanFactory.java:429)
	at org.springframework.beans.factory.support.AbstractAutowireCapableBeanFactory.initializeBean(AbstractAutowireCapableBeanFactory.java:1818)
Caused by: java.lang.IllegalArgumentException: Illegal base64 character 2d
	at java.base/java.util.Base64$Decoder.decode0(Base64.java:848)
	at java.base/java.util.Base64$Decoder.decode(Base64.java:566)
	at java.base/java.util.Base64$Decoder.decode(Base64.java:589)
2026-09-16 10:04:37.421 [Test worker] ERROR o.s.boot.SpringApplication [] - Application run failed
org.springframework.beans.factory.BeanCreationException: Error creating bean with name 'OAuthController': Injection of autowired dependencies failed
	at org.springframework.beans.factory.annotation.AutowiredAnnotationBeanPostProcessor.postProcessProperties(AutowiredAnnotationBeanPostProcessor.java:515)
	at org.springframework.beans.factory.support.AbstractAutowireCapableBeanFactory.populateBean(AbstractAutowireCapableBeanFactory.java:1459)
	at org.springframework.beans.factory.support.AbstractAutowireCapableBeanFactory.doCreateBean(AbstractAutowireCapableBeanFactory.java:606)
Caused by: org.springframework.util.PlaceholderResolutionException: Could not resolve placeholder 'app.frontend.base-url' in value "${app.frontend.base-url}"
	at org.springframework.util.PlaceholderResolutionException.withValue(PlaceholderResolutionException.java:81)
	at org.springframework.util.PlaceholderParser$ParsedValue.resolve(PlaceholderParser.java:298)
	at org.springframework.util.PlaceholderParser.replacePlaceholders(PlaceholderParser.java:131)
2026-09-16 10:06:27.756 [Test worker] ERROR t.d.o.s.f.CustomFilterExceptionHandler [] - FilterExceptionHandler response write error
java.lang.RuntimeException: Test Error occurred
	at teamdevhub.devhub.medium.outbound.security.filter.CustomFilterExceptionHandlerTest$1.getWriter(CustomFilterExceptionHandlerTest.java:62)
	at teamdevhub.devhub.outbound.security.filter.CustomFilterExceptionHandler.handle(CustomFilterExceptionHandler.java:30)
	at teamdevhub.devhub.medium.outbound.security.filter.CustomFilterExceptionHandlerTest.lambda$swallowExceptionIfResponseWriteFails$0(CustomFilterExceptionHandlerTest.java:68)
2026-09-16 10:06:32.905 [Test worker] ERROR ERROR_FILE [57af9c720c624fdc] - [57af9c720c624fdc] -----GlobalExceptionHandler-----: Name for argument of type [int] not specified, and parameter name information not available via reflection. Ensure that the compiler uses the '-parameters' flag.
java.lang.IllegalArgumentException: Name for argument of type [int] not specified, and parameter name information not available via reflection. Ensure that the compiler uses the '-parameters' flag.
	at org.springframework.web.method.annotation.AbstractNamedValueMethodArgumentResolver.updateNamedValueInfo(AbstractNamedValueMethodArgumentResolver.java:186)
	at org.springframework.web.method.annotation.AbstractNamedValueMethodArgumentResolver.getNamedValueInfo(AbstractNamedValueMethodArgumentResolver.java:161)
	at org.springframework.web.method.annotation.AbstractNamedValueMethodArgumentResolver.resolveArgument(AbstractNamedValueMethodArgumentResolver.java:107)
2026-09-16 10:06:32.906 [Test worker] ERROR t.d.s.e.GlobalExceptionHandler [57af9c720c624fdc] - [57af9c720c624fdc] -----GlobalExceptionHandler-----: Name for argument of type [int] not specified, and parameter name information not available via reflection. Ensure that the compiler uses the '-parameters' flag.
java.lang.IllegalArgumentException: Name for argument of type [int] not specified, and parameter name information not available via reflection. Ensure that the compiler uses the '-parameters' flag.
	at org.springframework.web.method.annotation.AbstractNamedValueMethodArgumentResolver.updateNamedValueInfo(AbstractNamedValueMethodArgumentResolver.java:186)
	at org.springframework.web.method.annotation.AbstractNamedValueMethodArgumentResolver.getNamedValueInfo(AbstractNamedValueMethodArgumentResolver.java:161)
	at org.springframework.web.method.annotation.AbstractNamedValueMethodArgumentResolver.resolveArgument(AbstractNamedValueMethodArgumentResolver.java:107)
2026-09-16 10:06:33.056 [Test worker] ERROR ERROR_FILE [] - [null] -----GlobalExceptionHandler-----: 본인인증에 실패했습니다
teamdevhub.devhub.core.common.exception.BusinessRuleException: 본인인증에 실패했습니다
	at teamdevhub.devhub.core.common.exception.BusinessRuleException.of(BusinessRuleException.java:17)
	at teamdevhub.devhub.medium.shared.exception.GlobalExceptionHandlerTest$TestController.businessException(GlobalExceptionHandlerTest.java:40)
	at java.base/jdk.internal.reflect.NativeMethodAccessorImpl.invoke0(Native Method)
2026-09-16 10:06:33.057 [Test worker] ERROR t.d.s.e.GlobalExceptionHandler [] - [null] -----GlobalExceptionHandler-----: 본인인증에 실패했습니다
teamdevhub.devhub.core.common.exception.BusinessRuleException: 본인인증에 실패했습니다
	at teamdevhub.devhub.core.common.exception.BusinessRuleException.of(BusinessRuleException.java:17)
	at teamdevhub.devhub.medium.shared.exception.GlobalExceptionHandlerTest$TestController.businessException(GlobalExceptionHandlerTest.java:40)
	at java.base/jdk.internal.reflect.NativeMethodAccessorImpl.invoke0(Native Method)
2026-09-16 10:06:33.151 [Test worker] ERROR ERROR_FILE [] - [null] -----GlobalExceptionHandler-----: Test Error Occurred
java.lang.RuntimeException: Test Error Occurred
	at teamdevhub.devhub.medium.shared.exception.GlobalExceptionHandlerTest$TestController.genericException(GlobalExceptionHandlerTest.java:49)
	at java.base/jdk.internal.reflect.NativeMethodAccessorImpl.invoke0(Native Method)
	at java.base/jdk.internal.reflect.NativeMethodAccessorImpl.invoke(NativeMethodAccessorImpl.java:77)
2026-09-16 10:06:33.152 [Test worker] ERROR t.d.s.e.GlobalExceptionHandler [] - [null] -----GlobalExceptionHandler-----: Test Error Occurred
java.lang.RuntimeException: Test Error Occurred
	at teamdevhub.devhub.medium.shared.exception.GlobalExceptionHandlerTest$TestController.genericException(GlobalExceptionHandlerTest.java:49)
	at java.base/jdk.internal.reflect.NativeMethodAccessorImpl.invoke0(Native Method)
	at java.base/jdk.internal.reflect.NativeMethodAccessorImpl.invoke(NativeMethodAccessorImpl.java:77)
2026-09-16 10:06:33.164 [Test worker] ERROR ERROR_FILE [] - [null] -----GlobalExceptionHandler-----: 중복된 계정이 존재합니다
teamdevhub.devhub.core.common.exception.DomainRuleException: 중복된 계정이 존재합니다
	at teamdevhub.devhub.core.common.exception.DomainRuleException.of(DomainRuleException.java:17)
	at teamdevhub.devhub.medium.shared.exception.GlobalExceptionHandlerTest$TestController.domainException(GlobalExceptionHandlerTest.java:35)
	at java.base/jdk.internal.reflect.NativeMethodAccessorImpl.invoke0(Native Method)
2026-09-16 10:06:33.164 [Test worker] ERROR t.d.s.e.GlobalExceptionHandler [] - [null] -----GlobalExceptionHandler-----: 중복된 계정이 존재합니다
teamdevhub.devhub.core.common.exception.DomainRuleException: 중복된 계정이 존재합니다
	at teamdevhub.devhub.core.common.exception.DomainRuleException.of(DomainRuleException.java:17)
	at teamdevhub.devhub.medium.shared.exception.GlobalExceptionHandlerTest$TestController.domainException(GlobalExceptionHandlerTest.java:35)
	at java.base/jdk.internal.reflect.NativeMethodAccessorImpl.invoke0(Native Method)
2026-09-16 10:06:33.181 [Test worker] ERROR ERROR_FILE [] - [null] -----GlobalExceptionHandler-----: Validation failed for argument [0] in private void teamdevhub.devhub.medium.shared.exception.GlobalExceptionHandlerTest.dummyMethod(java.lang.String): 
org.springframework.web.bind.MethodArgumentNotValidException: Validation failed for argument [0] in private void teamdevhub.devhub.medium.shared.exception.GlobalExceptionHandlerTest.dummyMethod(java.lang.String): 
	at teamdevhub.devhub.medium.shared.exception.GlobalExceptionHandlerTest$TestController.validationException(GlobalExceptionHandlerTest.java:45)
	at java.base/jdk.internal.reflect.NativeMethodAccessorImpl.invoke0(Native Method)
	at java.base/jdk.internal.reflect.NativeMethodAccessorImpl.invoke(NativeMethodAccessorImpl.java:77)
2026-09-16 10:06:33.181 [Test worker] ERROR t.d.s.e.GlobalExceptionHandler [] - [null] -----GlobalExceptionHandler-----: Validation failed for argument [0] in private void teamdevhub.devhub.medium.shared.exception.GlobalExceptionHandlerTest.dummyMethod(java.lang.String): 
org.springframework.web.bind.MethodArgumentNotValidException: Validation failed for argument [0] in private void teamdevhub.devhub.medium.shared.exception.GlobalExceptionHandlerTest.dummyMethod(java.lang.String): 
	at teamdevhub.devhub.medium.shared.exception.GlobalExceptionHandlerTest$TestController.validationException(GlobalExceptionHandlerTest.java:45)
	at java.base/jdk.internal.reflect.NativeMethodAccessorImpl.invoke0(Native Method)
	at java.base/jdk.internal.reflect.NativeMethodAccessorImpl.invoke(NativeMethodAccessorImpl.java:77)
2026-09-16 10:09:13.416 [Test worker] ERROR t.d.o.s.f.CustomFilterExceptionHandler [] - FilterExceptionHandler response write error
java.lang.RuntimeException: Test Error occurred
	at teamdevhub.devhub.medium.outbound.security.filter.CustomFilterExceptionHandlerTest$1.getWriter(CustomFilterExceptionHandlerTest.java:62)
	at teamdevhub.devhub.outbound.security.filter.CustomFilterExceptionHandler.handle(CustomFilterExceptionHandler.java:30)
	at teamdevhub.devhub.medium.outbound.security.filter.CustomFilterExceptionHandlerTest.lambda$swallowExceptionIfResponseWriteFails$0(CustomFilterExceptionHandlerTest.java:68)
2026-09-16 10:09:19.310 [Test worker] ERROR ERROR_FILE [c50c8b318bb94f42] - [c50c8b318bb94f42] -----GlobalExceptionHandler-----: Name for argument of type [int] not specified, and parameter name information not available via reflection. Ensure that the compiler uses the '-parameters' flag.
java.lang.IllegalArgumentException: Name for argument of type [int] not specified, and parameter name information not available via reflection. Ensure that the compiler uses the '-parameters' flag.
	at org.springframework.web.method.annotation.AbstractNamedValueMethodArgumentResolver.updateNamedValueInfo(AbstractNamedValueMethodArgumentResolver.java:186)
	at org.springframework.web.method.annotation.AbstractNamedValueMethodArgumentResolver.getNamedValueInfo(AbstractNamedValueMethodArgumentResolver.java:161)
	at org.springframework.web.method.annotation.AbstractNamedValueMethodArgumentResolver.resolveArgument(AbstractNamedValueMethodArgumentResolver.java:107)
2026-09-16 10:09:19.312 [Test worker] ERROR t.d.s.e.GlobalExceptionHandler [c50c8b318bb94f42] - [c50c8b318bb94f42] -----GlobalExceptionHandler-----: Name for argument of type [int] not specified, and parameter name information not available via reflection. Ensure that the compiler uses the '-parameters' flag.
java.lang.IllegalArgumentException: Name for argument of type [int] not specified, and parameter name information not available via reflection. Ensure that the compiler uses the '-parameters' flag.
	at org.springframework.web.method.annotation.AbstractNamedValueMethodArgumentResolver.updateNamedValueInfo(AbstractNamedValueMethodArgumentResolver.java:186)
	at org.springframework.web.method.annotation.AbstractNamedValueMethodArgumentResolver.getNamedValueInfo(AbstractNamedValueMethodArgumentResolver.java:161)
	at org.springframework.web.method.annotation.AbstractNamedValueMethodArgumentResolver.resolveArgument(AbstractNamedValueMethodArgumentResolver.java:107)
2026-09-16 10:09:19.488 [Test worker] ERROR ERROR_FILE [] - [null] -----GlobalExceptionHandler-----: 본인인증에 실패했습니다
teamdevhub.devhub.core.common.exception.BusinessRuleException: 본인인증에 실패했습니다
	at teamdevhub.devhub.core.common.exception.BusinessRuleException.of(BusinessRuleException.java:17)
	at teamdevhub.devhub.medium.shared.exception.GlobalExceptionHandlerTest$TestController.businessException(GlobalExceptionHandlerTest.java:40)
	at java.base/jdk.internal.reflect.NativeMethodAccessorImpl.invoke0(Native Method)
2026-09-16 10:09:19.489 [Test worker] ERROR t.d.s.e.GlobalExceptionHandler [] - [null] -----GlobalExceptionHandler-----: 본인인증에 실패했습니다
teamdevhub.devhub.core.common.exception.BusinessRuleException: 본인인증에 실패했습니다
	at teamdevhub.devhub.core.common.exception.BusinessRuleException.of(BusinessRuleException.java:17)
	at teamdevhub.devhub.medium.shared.exception.GlobalExceptionHandlerTest$TestController.businessException(GlobalExceptionHandlerTest.java:40)
	at java.base/jdk.internal.reflect.NativeMethodAccessorImpl.invoke0(Native Method)
2026-09-16 10:09:19.569 [Test worker] ERROR ERROR_FILE [] - [null] -----GlobalExceptionHandler-----: Test Error Occurred
java.lang.RuntimeException: Test Error Occurred
	at teamdevhub.devhub.medium.shared.exception.GlobalExceptionHandlerTest$TestController.genericException(GlobalExceptionHandlerTest.java:49)
	at java.base/jdk.internal.reflect.NativeMethodAccessorImpl.invoke0(Native Method)
	at java.base/jdk.internal.reflect.NativeMethodAccessorImpl.invoke(NativeMethodAccessorImpl.java:77)
2026-09-16 10:09:19.569 [Test worker] ERROR t.d.s.e.GlobalExceptionHandler [] - [null] -----GlobalExceptionHandler-----: Test Error Occurred
java.lang.RuntimeException: Test Error Occurred
	at teamdevhub.devhub.medium.shared.exception.GlobalExceptionHandlerTest$TestController.genericException(GlobalExceptionHandlerTest.java:49)
	at java.base/jdk.internal.reflect.NativeMethodAccessorImpl.invoke0(Native Method)
	at java.base/jdk.internal.reflect.NativeMethodAccessorImpl.invoke(NativeMethodAccessorImpl.java:77)
2026-09-16 10:09:19.582 [Test worker] ERROR ERROR_FILE [] - [null] -----GlobalExceptionHandler-----: 중복된 계정이 존재합니다
teamdevhub.devhub.core.common.exception.DomainRuleException: 중복된 계정이 존재합니다
	at teamdevhub.devhub.core.common.exception.DomainRuleException.of(DomainRuleException.java:17)
	at teamdevhub.devhub.medium.shared.exception.GlobalExceptionHandlerTest$TestController.domainException(GlobalExceptionHandlerTest.java:35)
	at java.base/jdk.internal.reflect.NativeMethodAccessorImpl.invoke0(Native Method)
2026-09-16 10:09:19.584 [Test worker] ERROR t.d.s.e.GlobalExceptionHandler [] - [null] -----GlobalExceptionHandler-----: 중복된 계정이 존재합니다
teamdevhub.devhub.core.common.exception.DomainRuleException: 중복된 계정이 존재합니다
	at teamdevhub.devhub.core.common.exception.DomainRuleException.of(DomainRuleException.java:17)
	at teamdevhub.devhub.medium.shared.exception.GlobalExceptionHandlerTest$TestController.domainException(GlobalExceptionHandlerTest.java:35)
	at java.base/jdk.internal.reflect.NativeMethodAccessorImpl.invoke0(Native Method)
2026-09-16 10:09:19.600 [Test worker] ERROR ERROR_FILE [] - [null] -----GlobalExceptionHandler-----: Validation failed for argument [0] in private void teamdevhub.devhub.medium.shared.exception.GlobalExceptionHandlerTest.dummyMethod(java.lang.String): 
org.springframework.web.bind.MethodArgumentNotValidException: Validation failed for argument [0] in private void teamdevhub.devhub.medium.shared.exception.GlobalExceptionHandlerTest.dummyMethod(java.lang.String): 
	at teamdevhub.devhub.medium.shared.exception.GlobalExceptionHandlerTest$TestController.validationException(GlobalExceptionHandlerTest.java:45)
	at java.base/jdk.internal.reflect.NativeMethodAccessorImpl.invoke0(Native Method)
	at java.base/jdk.internal.reflect.NativeMethodAccessorImpl.invoke(NativeMethodAccessorImpl.java:77)
2026-09-16 10:09:19.600 [Test worker] ERROR t.d.s.e.GlobalExceptionHandler [] - [null] -----GlobalExceptionHandler-----: Validation failed for argument [0] in private void teamdevhub.devhub.medium.shared.exception.GlobalExceptionHandlerTest.dummyMethod(java.lang.String): 
org.springframework.web.bind.MethodArgumentNotValidException: Validation failed for argument [0] in private void teamdevhub.devhub.medium.shared.exception.GlobalExceptionHandlerTest.dummyMethod(java.lang.String): 
	at teamdevhub.devhub.medium.shared.exception.GlobalExceptionHandlerTest$TestController.validationException(GlobalExceptionHandlerTest.java:45)
	at java.base/jdk.internal.reflect.NativeMethodAccessorImpl.invoke0(Native Method)
	at java.base/jdk.internal.reflect.NativeMethodAccessorImpl.invoke(NativeMethodAccessorImpl.java:77)
2026-09-16 10:42:44.906 [Test worker] ERROR t.d.o.s.f.CustomFilterExceptionHandler [] - FilterExceptionHandler response write error
java.lang.RuntimeException: Test Error occurred
	at teamdevhub.devhub.medium.outbound.security.filter.CustomFilterExceptionHandlerTest$1.getWriter(CustomFilterExceptionHandlerTest.java:62)
	at teamdevhub.devhub.outbound.security.filter.CustomFilterExceptionHandler.handle(CustomFilterExceptionHandler.java:30)
	at teamdevhub.devhub.medium.outbound.security.filter.CustomFilterExceptionHandlerTest.lambda$swallowExceptionIfResponseWriteFails$0(CustomFilterExceptionHandlerTest.java:68)
2026-09-16 10:42:49.985 [Test worker] ERROR ERROR_FILE [] - [null] -----GlobalExceptionHandler-----: 본인인증에 실패했습니다
teamdevhub.devhub.core.common.exception.BusinessRuleException: 본인인증에 실패했습니다
	at teamdevhub.devhub.core.common.exception.BusinessRuleException.of(BusinessRuleException.java:17)
	at teamdevhub.devhub.medium.shared.exception.GlobalExceptionHandlerTest$TestController.businessException(GlobalExceptionHandlerTest.java:40)
	at java.base/jdk.internal.reflect.NativeMethodAccessorImpl.invoke0(Native Method)
2026-09-16 10:42:49.987 [Test worker] ERROR t.d.s.e.GlobalExceptionHandler [] - [null] -----GlobalExceptionHandler-----: 본인인증에 실패했습니다
teamdevhub.devhub.core.common.exception.BusinessRuleException: 본인인증에 실패했습니다
	at teamdevhub.devhub.core.common.exception.BusinessRuleException.of(BusinessRuleException.java:17)
	at teamdevhub.devhub.medium.shared.exception.GlobalExceptionHandlerTest$TestController.businessException(GlobalExceptionHandlerTest.java:40)
	at java.base/jdk.internal.reflect.NativeMethodAccessorImpl.invoke0(Native Method)
2026-09-16 10:42:50.079 [Test worker] ERROR ERROR_FILE [] - [null] -----GlobalExceptionHandler-----: Test Error Occurred
java.lang.RuntimeException: Test Error Occurred
	at teamdevhub.devhub.medium.shared.exception.GlobalExceptionHandlerTest$TestController.genericException(GlobalExceptionHandlerTest.java:49)
	at java.base/jdk.internal.reflect.NativeMethodAccessorImpl.invoke0(Native Method)
	at java.base/jdk.internal.reflect.NativeMethodAccessorImpl.invoke(NativeMethodAccessorImpl.java:77)
2026-09-16 10:42:50.080 [Test worker] ERROR t.d.s.e.GlobalExceptionHandler [] - [null] -----GlobalExceptionHandler-----: Test Error Occurred
java.lang.RuntimeException: Test Error Occurred
	at teamdevhub.devhub.medium.shared.exception.GlobalExceptionHandlerTest$TestController.genericException(GlobalExceptionHandlerTest.java:49)
	at java.base/jdk.internal.reflect.NativeMethodAccessorImpl.invoke0(Native Method)
	at java.base/jdk.internal.reflect.NativeMethodAccessorImpl.invoke(NativeMethodAccessorImpl.java:77)
2026-09-16 10:42:50.090 [Test worker] ERROR ERROR_FILE [] - [null] -----GlobalExceptionHandler-----: 중복된 계정이 존재합니다
teamdevhub.devhub.core.common.exception.DomainRuleException: 중복된 계정이 존재합니다
	at teamdevhub.devhub.core.common.exception.DomainRuleException.of(DomainRuleException.java:17)
	at teamdevhub.devhub.medium.shared.exception.GlobalExceptionHandlerTest$TestController.domainException(GlobalExceptionHandlerTest.java:35)
	at java.base/jdk.internal.reflect.NativeMethodAccessorImpl.invoke0(Native Method)
2026-09-16 10:42:50.091 [Test worker] ERROR t.d.s.e.GlobalExceptionHandler [] - [null] -----GlobalExceptionHandler-----: 중복된 계정이 존재합니다
teamdevhub.devhub.core.common.exception.DomainRuleException: 중복된 계정이 존재합니다
	at teamdevhub.devhub.core.common.exception.DomainRuleException.of(DomainRuleException.java:17)
	at teamdevhub.devhub.medium.shared.exception.GlobalExceptionHandlerTest$TestController.domainException(GlobalExceptionHandlerTest.java:35)
	at java.base/jdk.internal.reflect.NativeMethodAccessorImpl.invoke0(Native Method)
2026-09-16 10:42:50.107 [Test worker] ERROR ERROR_FILE [] - [null] -----GlobalExceptionHandler-----: Validation failed for argument [0] in private void teamdevhub.devhub.medium.shared.exception.GlobalExceptionHandlerTest.dummyMethod(java.lang.String): 
org.springframework.web.bind.MethodArgumentNotValidException: Validation failed for argument [0] in private void teamdevhub.devhub.medium.shared.exception.GlobalExceptionHandlerTest.dummyMethod(java.lang.String): 
	at teamdevhub.devhub.medium.shared.exception.GlobalExceptionHandlerTest$TestController.validationException(GlobalExceptionHandlerTest.java:45)
	at java.base/jdk.internal.reflect.NativeMethodAccessorImpl.invoke0(Native Method)
	at java.base/jdk.internal.reflect.NativeMethodAccessorImpl.invoke(NativeMethodAccessorImpl.java:77)
2026-09-16 10:42:50.107 [Test worker] ERROR t.d.s.e.GlobalExceptionHandler [] - [null] -----GlobalExceptionHandler-----: Validation failed for argument [0] in private void teamdevhub.devhub.medium.shared.exception.GlobalExceptionHandlerTest.dummyMethod(java.lang.String): 
org.springframework.web.bind.MethodArgumentNotValidException: Validation failed for argument [0] in private void teamdevhub.devhub.medium.shared.exception.GlobalExceptionHandlerTest.dummyMethod(java.lang.String): 
	at teamdevhub.devhub.medium.shared.exception.GlobalExceptionHandlerTest$TestController.validationException(GlobalExceptionHandlerTest.java:45)
	at java.base/jdk.internal.reflect.NativeMethodAccessorImpl.invoke0(Native Method)
	at java.base/jdk.internal.reflect.NativeMethodAccessorImpl.invoke(NativeMethodAccessorImpl.java:77)
2026-09-16 10:45:11.932 [Test worker] ERROR t.d.o.s.f.CustomFilterExceptionHandler [] - FilterExceptionHandler response write error
java.lang.RuntimeException: Test Error occurred
	at teamdevhub.devhub.medium.outbound.security.filter.CustomFilterExceptionHandlerTest$1.getWriter(CustomFilterExceptionHandlerTest.java:62)
	at teamdevhub.devhub.outbound.security.filter.CustomFilterExceptionHandler.handle(CustomFilterExceptionHandler.java:30)
	at teamdevhub.devhub.medium.outbound.security.filter.CustomFilterExceptionHandlerTest.lambda$swallowExceptionIfResponseWriteFails$0(CustomFilterExceptionHandlerTest.java:68)
2026-09-16 10:45:16.420 [Test worker] ERROR ERROR_FILE [] - [null] -----GlobalExceptionHandler-----: 본인인증에 실패했습니다
teamdevhub.devhub.core.common.exception.BusinessRuleException: 본인인증에 실패했습니다
	at teamdevhub.devhub.core.common.exception.BusinessRuleException.of(BusinessRuleException.java:17)
	at teamdevhub.devhub.medium.shared.exception.GlobalExceptionHandlerTest$TestController.businessException(GlobalExceptionHandlerTest.java:40)
	at java.base/jdk.internal.reflect.NativeMethodAccessorImpl.invoke0(Native Method)
2026-09-16 10:45:16.422 [Test worker] ERROR t.d.s.e.GlobalExceptionHandler [] - [null] -----GlobalExceptionHandler-----: 본인인증에 실패했습니다
teamdevhub.devhub.core.common.exception.BusinessRuleException: 본인인증에 실패했습니다
	at teamdevhub.devhub.core.common.exception.BusinessRuleException.of(BusinessRuleException.java:17)
	at teamdevhub.devhub.medium.shared.exception.GlobalExceptionHandlerTest$TestController.businessException(GlobalExceptionHandlerTest.java:40)
	at java.base/jdk.internal.reflect.NativeMethodAccessorImpl.invoke0(Native Method)
2026-09-16 10:45:16.512 [Test worker] ERROR ERROR_FILE [] - [null] -----GlobalExceptionHandler-----: Test Error Occurred
java.lang.RuntimeException: Test Error Occurred
	at teamdevhub.devhub.medium.shared.exception.GlobalExceptionHandlerTest$TestController.genericException(GlobalExceptionHandlerTest.java:49)
	at java.base/jdk.internal.reflect.NativeMethodAccessorImpl.invoke0(Native Method)
	at java.base/jdk.internal.reflect.NativeMethodAccessorImpl.invoke(NativeMethodAccessorImpl.java:77)
2026-09-16 10:45:16.512 [Test worker] ERROR t.d.s.e.GlobalExceptionHandler [] - [null] -----GlobalExceptionHandler-----: Test Error Occurred
java.lang.RuntimeException: Test Error Occurred
	at teamdevhub.devhub.medium.shared.exception.GlobalExceptionHandlerTest$TestController.genericException(GlobalExceptionHandlerTest.java:49)
	at java.base/jdk.internal.reflect.NativeMethodAccessorImpl.invoke0(Native Method)
	at java.base/jdk.internal.reflect.NativeMethodAccessorImpl.invoke(NativeMethodAccessorImpl.java:77)
2026-09-16 10:45:16.524 [Test worker] ERROR ERROR_FILE [] - [null] -----GlobalExceptionHandler-----: 중복된 계정이 존재합니다
teamdevhub.devhub.core.common.exception.DomainRuleException: 중복된 계정이 존재합니다
	at teamdevhub.devhub.core.common.exception.DomainRuleException.of(DomainRuleException.java:17)
	at teamdevhub.devhub.medium.shared.exception.GlobalExceptionHandlerTest$TestController.domainException(GlobalExceptionHandlerTest.java:35)
	at java.base/jdk.internal.reflect.NativeMethodAccessorImpl.invoke0(Native Method)
2026-09-16 10:45:16.525 [Test worker] ERROR t.d.s.e.GlobalExceptionHandler [] - [null] -----GlobalExceptionHandler-----: 중복된 계정이 존재합니다
teamdevhub.devhub.core.common.exception.DomainRuleException: 중복된 계정이 존재합니다
	at teamdevhub.devhub.core.common.exception.DomainRuleException.of(DomainRuleException.java:17)
	at teamdevhub.devhub.medium.shared.exception.GlobalExceptionHandlerTest$TestController.domainException(GlobalExceptionHandlerTest.java:35)
	at java.base/jdk.internal.reflect.NativeMethodAccessorImpl.invoke0(Native Method)
2026-09-16 10:45:16.546 [Test worker] ERROR ERROR_FILE [] - [null] -----GlobalExceptionHandler-----: Validation failed for argument [0] in private void teamdevhub.devhub.medium.shared.exception.GlobalExceptionHandlerTest.dummyMethod(java.lang.String): 
org.springframework.web.bind.MethodArgumentNotValidException: Validation failed for argument [0] in private void teamdevhub.devhub.medium.shared.exception.GlobalExceptionHandlerTest.dummyMethod(java.lang.String): 
	at teamdevhub.devhub.medium.shared.exception.GlobalExceptionHandlerTest$TestController.validationException(GlobalExceptionHandlerTest.java:45)
	at java.base/jdk.internal.reflect.NativeMethodAccessorImpl.invoke0(Native Method)
	at java.base/jdk.internal.reflect.NativeMethodAccessorImpl.invoke(NativeMethodAccessorImpl.java:77)
2026-09-16 10:45:16.547 [Test worker] ERROR t.d.s.e.GlobalExceptionHandler [] - [null] -----GlobalExceptionHandler-----: Validation failed for argument [0] in private void teamdevhub.devhub.medium.shared.exception.GlobalExceptionHandlerTest.dummyMethod(java.lang.String): 
org.springframework.web.bind.MethodArgumentNotValidException: Validation failed for argument [0] in private void teamdevhub.devhub.medium.shared.exception.GlobalExceptionHandlerTest.dummyMethod(java.lang.String): 
	at teamdevhub.devhub.medium.shared.exception.GlobalExceptionHandlerTest$TestController.validationException(GlobalExceptionHandlerTest.java:45)
	at java.base/jdk.internal.reflect.NativeMethodAccessorImpl.invoke0(Native Method)
	at java.base/jdk.internal.reflect.NativeMethodAccessorImpl.invoke(NativeMethodAccessorImpl.java:77)
2026-09-16 11:06:09.650 [Test worker] ERROR o.s.boot.SpringApplication [] - Application run failed
org.springframework.beans.factory.UnsatisfiedDependencyException: Error creating bean with name 'adminApplicationFormController' defined in URL [jar:file:/C:/Users/PC/devhub-b/web/build/libs/web.jar!/teamdevhub/devhub/api/admin/form/controller/ApplicationFormController.class]: Unsatisfied dependency expressed through constructor parameter 0: Error creating bean with name 'adminApplicationFormFacade' defined in URL [jar:file:/C:/Users/PC/devhub-b/web/build/libs/web.jar!/teamdevhub/devhub/api/admin/form/facade/ApplicationFormFacade.class]: Unsatisfied dependency expressed through constructor parameter 0: Error creating bean with name 'applicationFormService' defined in URL [jar:file:/C:/Users/PC/devhub-b/administration/build/libs/administration.jar!/teamdevhub/devhub/core/admin/form/application/ApplicationFormService.class]: Failed to instantiate [teamdevhub.devhub.core.admin.form.application.ApplicationFormService]: No default constructor found
	at org.springframework.beans.factory.support.ConstructorResolver.createArgumentArray(ConstructorResolver.java:804)
	at org.springframework.beans.factory.support.ConstructorResolver.autowireConstructor(ConstructorResolver.java:240)
	at org.springframework.beans.factory.support.AbstractAutowireCapableBeanFactory.autowireConstructor(AbstractAutowireCapableBeanFactory.java:1395)
Caused by: org.springframework.beans.factory.UnsatisfiedDependencyException: Error creating bean with name 'adminApplicationFormFacade' defined in URL [jar:file:/C:/Users/PC/devhub-b/web/build/libs/web.jar!/teamdevhub/devhub/api/admin/form/facade/ApplicationFormFacade.class]: Unsatisfied dependency expressed through constructor parameter 0: Error creating bean with name 'applicationFormService' defined in URL [jar:file:/C:/Users/PC/devhub-b/administration/build/libs/administration.jar!/teamdevhub/devhub/core/admin/form/application/ApplicationFormService.class]: Failed to instantiate [teamdevhub.devhub.core.admin.form.application.ApplicationFormService]: No default constructor found
	at org.springframework.beans.factory.support.ConstructorResolver.createArgumentArray(ConstructorResolver.java:804)
	at org.springframework.beans.factory.support.ConstructorResolver.autowireConstructor(ConstructorResolver.java:240)
	at org.springframework.beans.factory.support.AbstractAutowireCapableBeanFactory.autowireConstructor(AbstractAutowireCapableBeanFactory.java:1395)
Caused by: org.springframework.beans.factory.BeanCreationException: Error creating bean with name 'applicationFormService' defined in URL [jar:file:/C:/Users/PC/devhub-b/administration/build/libs/administration.jar!/teamdevhub/devhub/core/admin/form/application/ApplicationFormService.class]: Failed to instantiate [teamdevhub.devhub.core.admin.form.application.ApplicationFormService]: No default constructor found
	at org.springframework.beans.factory.support.AbstractAutowireCapableBeanFactory.instantiateBean(AbstractAutowireCapableBeanFactory.java:1357)
	at org.springframework.beans.factory.support.AbstractAutowireCapableBeanFactory.createBeanInstance(AbstractAutowireCapableBeanFactory.java:1242)
	at org.springframework.beans.factory.support.AbstractAutowireCapableBeanFactory.doCreateBean(AbstractAutowireCapableBeanFactory.java:569)
Caused by: org.springframework.beans.BeanInstantiationException: Failed to instantiate [teamdevhub.devhub.core.admin.form.application.ApplicationFormService]: No default constructor found
	at org.springframework.beans.factory.support.SimpleInstantiationStrategy.instantiate(SimpleInstantiationStrategy.java:119)
	at org.springframework.beans.factory.support.AbstractAutowireCapableBeanFactory.instantiateBean(AbstractAutowireCapableBeanFactory.java:1351)
	at org.springframework.beans.factory.support.AbstractAutowireCapableBeanFactory.createBeanInstance(AbstractAutowireCapableBeanFactory.java:1242)
Caused by: java.lang.NoSuchMethodException: teamdevhub.devhub.core.admin.form.application.ApplicationFormService.<init>()
	at java.base/java.lang.Class.getConstructor0(Class.java:3587)
	at java.base/java.lang.Class.getDeclaredConstructor(Class.java:2756)
	at org.springframework.beans.factory.support.SimpleInstantiationStrategy.instantiate(SimpleInstantiationStrategy.java:115)
2026-09-16 11:06:15.564 [Test worker] ERROR o.s.boot.SpringApplication [] - Application run failed
org.springframework.beans.factory.UnsatisfiedDependencyException: Error creating bean with name 'adminApplicationFormController' defined in URL [jar:file:/C:/Users/PC/devhub-b/web/build/libs/web.jar!/teamdevhub/devhub/api/admin/form/controller/ApplicationFormController.class]: Unsatisfied dependency expressed through constructor parameter 0: Error creating bean with name 'adminApplicationFormFacade' defined in URL [jar:file:/C:/Users/PC/devhub-b/web/build/libs/web.jar!/teamdevhub/devhub/api/admin/form/facade/ApplicationFormFacade.class]: Unsatisfied dependency expressed through constructor parameter 0: Error creating bean with name 'applicationFormService' defined in URL [jar:file:/C:/Users/PC/devhub-b/administration/build/libs/administration.jar!/teamdevhub/devhub/core/admin/form/application/ApplicationFormService.class]: Failed to instantiate [teamdevhub.devhub.core.admin.form.application.ApplicationFormService]: No default constructor found
	at org.springframework.beans.factory.support.ConstructorResolver.createArgumentArray(ConstructorResolver.java:804)
	at org.springframework.beans.factory.support.ConstructorResolver.autowireConstructor(ConstructorResolver.java:240)
	at org.springframework.beans.factory.support.AbstractAutowireCapableBeanFactory.autowireConstructor(AbstractAutowireCapableBeanFactory.java:1395)
Caused by: org.springframework.beans.factory.UnsatisfiedDependencyException: Error creating bean with name 'adminApplicationFormFacade' defined in URL [jar:file:/C:/Users/PC/devhub-b/web/build/libs/web.jar!/teamdevhub/devhub/api/admin/form/facade/ApplicationFormFacade.class]: Unsatisfied dependency expressed through constructor parameter 0: Error creating bean with name 'applicationFormService' defined in URL [jar:file:/C:/Users/PC/devhub-b/administration/build/libs/administration.jar!/teamdevhub/devhub/core/admin/form/application/ApplicationFormService.class]: Failed to instantiate [teamdevhub.devhub.core.admin.form.application.ApplicationFormService]: No default constructor found
	at org.springframework.beans.factory.support.ConstructorResolver.createArgumentArray(ConstructorResolver.java:804)
	at org.springframework.beans.factory.support.ConstructorResolver.autowireConstructor(ConstructorResolver.java:240)
	at org.springframework.beans.factory.support.AbstractAutowireCapableBeanFactory.autowireConstructor(AbstractAutowireCapableBeanFactory.java:1395)
Caused by: org.springframework.beans.factory.BeanCreationException: Error creating bean with name 'applicationFormService' defined in URL [jar:file:/C:/Users/PC/devhub-b/administration/build/libs/administration.jar!/teamdevhub/devhub/core/admin/form/application/ApplicationFormService.class]: Failed to instantiate [teamdevhub.devhub.core.admin.form.application.ApplicationFormService]: No default constructor found
	at org.springframework.beans.factory.support.AbstractAutowireCapableBeanFactory.instantiateBean(AbstractAutowireCapableBeanFactory.java:1357)
	at org.springframework.beans.factory.support.AbstractAutowireCapableBeanFactory.createBeanInstance(AbstractAutowireCapableBeanFactory.java:1242)
	at org.springframework.beans.factory.support.AbstractAutowireCapableBeanFactory.doCreateBean(AbstractAutowireCapableBeanFactory.java:569)
Caused by: org.springframework.beans.BeanInstantiationException: Failed to instantiate [teamdevhub.devhub.core.admin.form.application.ApplicationFormService]: No default constructor found
	at org.springframework.beans.factory.support.SimpleInstantiationStrategy.instantiate(SimpleInstantiationStrategy.java:119)
	at org.springframework.beans.factory.support.AbstractAutowireCapableBeanFactory.instantiateBean(AbstractAutowireCapableBeanFactory.java:1351)
	at org.springframework.beans.factory.support.AbstractAutowireCapableBeanFactory.createBeanInstance(AbstractAutowireCapableBeanFactory.java:1242)
Caused by: java.lang.NoSuchMethodException: teamdevhub.devhub.core.admin.form.application.ApplicationFormService.<init>()
	at java.base/java.lang.Class.getConstructor0(Class.java:3587)
	at java.base/java.lang.Class.getDeclaredConstructor(Class.java:2756)
	at org.springframework.beans.factory.support.SimpleInstantiationStrategy.instantiate(SimpleInstantiationStrategy.java:115)
2026-09-16 11:06:17.020 [Test worker] ERROR t.d.o.s.f.CustomFilterExceptionHandler [] - FilterExceptionHandler response write error
java.lang.RuntimeException: Test Error occurred
	at teamdevhub.devhub.medium.outbound.security.filter.CustomFilterExceptionHandlerTest$1.getWriter(CustomFilterExceptionHandlerTest.java:62)
	at teamdevhub.devhub.outbound.security.filter.CustomFilterExceptionHandler.handle(CustomFilterExceptionHandler.java:30)
	at teamdevhub.devhub.medium.outbound.security.filter.CustomFilterExceptionHandlerTest.lambda$swallowExceptionIfResponseWriteFails$0(CustomFilterExceptionHandlerTest.java:68)
2026-09-16 11:06:21.977 [Test worker] ERROR o.s.boot.SpringApplication [] - Application run failed
org.springframework.beans.factory.UnsatisfiedDependencyException: Error creating bean with name 'adminApplicationFormController' defined in URL [jar:file:/C:/Users/PC/devhub-b/web/build/libs/web.jar!/teamdevhub/devhub/api/admin/form/controller/ApplicationFormController.class]: Unsatisfied dependency expressed through constructor parameter 0: Error creating bean with name 'adminApplicationFormFacade' defined in URL [jar:file:/C:/Users/PC/devhub-b/web/build/libs/web.jar!/teamdevhub/devhub/api/admin/form/facade/ApplicationFormFacade.class]: Unsatisfied dependency expressed through constructor parameter 0: Error creating bean with name 'applicationFormService' defined in URL [jar:file:/C:/Users/PC/devhub-b/administration/build/libs/administration.jar!/teamdevhub/devhub/core/admin/form/application/ApplicationFormService.class]: Failed to instantiate [teamdevhub.devhub.core.admin.form.application.ApplicationFormService]: No default constructor found
	at org.springframework.beans.factory.support.ConstructorResolver.createArgumentArray(ConstructorResolver.java:804)
	at org.springframework.beans.factory.support.ConstructorResolver.autowireConstructor(ConstructorResolver.java:240)
	at org.springframework.beans.factory.support.AbstractAutowireCapableBeanFactory.autowireConstructor(AbstractAutowireCapableBeanFactory.java:1395)
Caused by: org.springframework.beans.factory.UnsatisfiedDependencyException: Error creating bean with name 'adminApplicationFormFacade' defined in URL [jar:file:/C:/Users/PC/devhub-b/web/build/libs/web.jar!/teamdevhub/devhub/api/admin/form/facade/ApplicationFormFacade.class]: Unsatisfied dependency expressed through constructor parameter 0: Error creating bean with name 'applicationFormService' defined in URL [jar:file:/C:/Users/PC/devhub-b/administration/build/libs/administration.jar!/teamdevhub/devhub/core/admin/form/application/ApplicationFormService.class]: Failed to instantiate [teamdevhub.devhub.core.admin.form.application.ApplicationFormService]: No default constructor found
	at org.springframework.beans.factory.support.ConstructorResolver.createArgumentArray(ConstructorResolver.java:804)
	at org.springframework.beans.factory.support.ConstructorResolver.autowireConstructor(ConstructorResolver.java:240)
	at org.springframework.beans.factory.support.AbstractAutowireCapableBeanFactory.autowireConstructor(AbstractAutowireCapableBeanFactory.java:1395)
Caused by: org.springframework.beans.factory.BeanCreationException: Error creating bean with name 'applicationFormService' defined in URL [jar:file:/C:/Users/PC/devhub-b/administration/build/libs/administration.jar!/teamdevhub/devhub/core/admin/form/application/ApplicationFormService.class]: Failed to instantiate [teamdevhub.devhub.core.admin.form.application.ApplicationFormService]: No default constructor found
	at org.springframework.beans.factory.support.AbstractAutowireCapableBeanFactory.instantiateBean(AbstractAutowireCapableBeanFactory.java:1357)
	at org.springframework.beans.factory.support.AbstractAutowireCapableBeanFactory.createBeanInstance(AbstractAutowireCapableBeanFactory.java:1242)
	at org.springframework.beans.factory.support.AbstractAutowireCapableBeanFactory.doCreateBean(AbstractAutowireCapableBeanFactory.java:569)
Caused by: org.springframework.beans.BeanInstantiationException: Failed to instantiate [teamdevhub.devhub.core.admin.form.application.ApplicationFormService]: No default constructor found
	at org.springframework.beans.factory.support.SimpleInstantiationStrategy.instantiate(SimpleInstantiationStrategy.java:119)
	at org.springframework.beans.factory.support.AbstractAutowireCapableBeanFactory.instantiateBean(AbstractAutowireCapableBeanFactory.java:1351)
	at org.springframework.beans.factory.support.AbstractAutowireCapableBeanFactory.createBeanInstance(AbstractAutowireCapableBeanFactory.java:1242)
Caused by: java.lang.NoSuchMethodException: teamdevhub.devhub.core.admin.form.application.ApplicationFormService.<init>()
	at java.base/java.lang.Class.getConstructor0(Class.java:3587)
	at java.base/java.lang.Class.getDeclaredConstructor(Class.java:2756)
	at org.springframework.beans.factory.support.SimpleInstantiationStrategy.instantiate(SimpleInstantiationStrategy.java:115)
2026-09-16 11:06:22.653 [Test worker] ERROR ERROR_FILE [] - [null] -----GlobalExceptionHandler-----: 본인인증에 실패했습니다
teamdevhub.devhub.core.common.exception.BusinessRuleException: 본인인증에 실패했습니다
	at teamdevhub.devhub.core.common.exception.BusinessRuleException.of(BusinessRuleException.java:17)
	at teamdevhub.devhub.medium.shared.exception.GlobalExceptionHandlerTest$TestController.businessException(GlobalExceptionHandlerTest.java:40)
	at java.base/jdk.internal.reflect.NativeMethodAccessorImpl.invoke0(Native Method)
2026-09-16 11:06:22.662 [Test worker] ERROR t.d.s.e.GlobalExceptionHandler [] - [null] -----GlobalExceptionHandler-----: 본인인증에 실패했습니다
teamdevhub.devhub.core.common.exception.BusinessRuleException: 본인인증에 실패했습니다
	at teamdevhub.devhub.core.common.exception.BusinessRuleException.of(BusinessRuleException.java:17)
	at teamdevhub.devhub.medium.shared.exception.GlobalExceptionHandlerTest$TestController.businessException(GlobalExceptionHandlerTest.java:40)
	at java.base/jdk.internal.reflect.NativeMethodAccessorImpl.invoke0(Native Method)
2026-09-16 11:06:22.972 [Test worker] ERROR ERROR_FILE [] - [null] -----GlobalExceptionHandler-----: Test Error Occurred
java.lang.RuntimeException: Test Error Occurred
	at teamdevhub.devhub.medium.shared.exception.GlobalExceptionHandlerTest$TestController.genericException(GlobalExceptionHandlerTest.java:49)
	at java.base/jdk.internal.reflect.NativeMethodAccessorImpl.invoke0(Native Method)
	at java.base/jdk.internal.reflect.NativeMethodAccessorImpl.invoke(NativeMethodAccessorImpl.java:77)
2026-09-16 11:06:22.974 [Test worker] ERROR t.d.s.e.GlobalExceptionHandler [] - [null] -----GlobalExceptionHandler-----: Test Error Occurred
java.lang.RuntimeException: Test Error Occurred
	at teamdevhub.devhub.medium.shared.exception.GlobalExceptionHandlerTest$TestController.genericException(GlobalExceptionHandlerTest.java:49)
	at java.base/jdk.internal.reflect.NativeMethodAccessorImpl.invoke0(Native Method)
	at java.base/jdk.internal.reflect.NativeMethodAccessorImpl.invoke(NativeMethodAccessorImpl.java:77)
2026-09-16 11:06:22.989 [Test worker] ERROR ERROR_FILE [] - [null] -----GlobalExceptionHandler-----: 중복된 계정이 존재합니다
teamdevhub.devhub.core.common.exception.DomainRuleException: 중복된 계정이 존재합니다
	at teamdevhub.devhub.core.common.exception.DomainRuleException.of(DomainRuleException.java:17)
	at teamdevhub.devhub.medium.shared.exception.GlobalExceptionHandlerTest$TestController.domainException(GlobalExceptionHandlerTest.java:35)
	at java.base/jdk.internal.reflect.NativeMethodAccessorImpl.invoke0(Native Method)
2026-09-16 11:06:22.990 [Test worker] ERROR t.d.s.e.GlobalExceptionHandler [] - [null] -----GlobalExceptionHandler-----: 중복된 계정이 존재합니다
teamdevhub.devhub.core.common.exception.DomainRuleException: 중복된 계정이 존재합니다
	at teamdevhub.devhub.core.common.exception.DomainRuleException.of(DomainRuleException.java:17)
	at teamdevhub.devhub.medium.shared.exception.GlobalExceptionHandlerTest$TestController.domainException(GlobalExceptionHandlerTest.java:35)
	at java.base/jdk.internal.reflect.NativeMethodAccessorImpl.invoke0(Native Method)
2026-09-16 11:06:23.022 [Test worker] ERROR ERROR_FILE [] - [null] -----GlobalExceptionHandler-----: Validation failed for argument [0] in private void teamdevhub.devhub.medium.shared.exception.GlobalExceptionHandlerTest.dummyMethod(java.lang.String): 
org.springframework.web.bind.MethodArgumentNotValidException: Validation failed for argument [0] in private void teamdevhub.devhub.medium.shared.exception.GlobalExceptionHandlerTest.dummyMethod(java.lang.String): 
	at teamdevhub.devhub.medium.shared.exception.GlobalExceptionHandlerTest$TestController.validationException(GlobalExceptionHandlerTest.java:45)
	at java.base/jdk.internal.reflect.NativeMethodAccessorImpl.invoke0(Native Method)
	at java.base/jdk.internal.reflect.NativeMethodAccessorImpl.invoke(NativeMethodAccessorImpl.java:77)
2026-09-16 11:06:23.023 [Test worker] ERROR t.d.s.e.GlobalExceptionHandler [] - [null] -----GlobalExceptionHandler-----: Validation failed for argument [0] in private void teamdevhub.devhub.medium.shared.exception.GlobalExceptionHandlerTest.dummyMethod(java.lang.String): 
org.springframework.web.bind.MethodArgumentNotValidException: Validation failed for argument [0] in private void teamdevhub.devhub.medium.shared.exception.GlobalExceptionHandlerTest.dummyMethod(java.lang.String): 
	at teamdevhub.devhub.medium.shared.exception.GlobalExceptionHandlerTest$TestController.validationException(GlobalExceptionHandlerTest.java:45)
	at java.base/jdk.internal.reflect.NativeMethodAccessorImpl.invoke0(Native Method)
	at java.base/jdk.internal.reflect.NativeMethodAccessorImpl.invoke(NativeMethodAccessorImpl.java:77)
2026-09-16 11:07:38.628 [Test worker] ERROR t.d.o.s.f.CustomFilterExceptionHandler [] - FilterExceptionHandler response write error
java.lang.RuntimeException: Test Error occurred
	at teamdevhub.devhub.medium.outbound.security.filter.CustomFilterExceptionHandlerTest$1.getWriter(CustomFilterExceptionHandlerTest.java:62)
	at teamdevhub.devhub.outbound.security.filter.CustomFilterExceptionHandler.handle(CustomFilterExceptionHandler.java:30)
	at teamdevhub.devhub.medium.outbound.security.filter.CustomFilterExceptionHandlerTest.lambda$swallowExceptionIfResponseWriteFails$0(CustomFilterExceptionHandlerTest.java:68)
2026-09-16 11:07:39.261 [Test worker] ERROR ERROR_FILE [] - [null] -----GlobalExceptionHandler-----: 본인인증에 실패했습니다
teamdevhub.devhub.core.common.exception.BusinessRuleException: 본인인증에 실패했습니다
	at teamdevhub.devhub.core.common.exception.BusinessRuleException.of(BusinessRuleException.java:17)
	at teamdevhub.devhub.medium.shared.exception.GlobalExceptionHandlerTest$TestController.businessException(GlobalExceptionHandlerTest.java:40)
	at java.base/jdk.internal.reflect.NativeMethodAccessorImpl.invoke0(Native Method)
2026-09-16 11:07:39.263 [Test worker] ERROR t.d.s.e.GlobalExceptionHandler [] - [null] -----GlobalExceptionHandler-----: 본인인증에 실패했습니다
teamdevhub.devhub.core.common.exception.BusinessRuleException: 본인인증에 실패했습니다
	at teamdevhub.devhub.core.common.exception.BusinessRuleException.of(BusinessRuleException.java:17)
	at teamdevhub.devhub.medium.shared.exception.GlobalExceptionHandlerTest$TestController.businessException(GlobalExceptionHandlerTest.java:40)
	at java.base/jdk.internal.reflect.NativeMethodAccessorImpl.invoke0(Native Method)
2026-09-16 11:07:39.386 [Test worker] ERROR ERROR_FILE [] - [null] -----GlobalExceptionHandler-----: Test Error Occurred
java.lang.RuntimeException: Test Error Occurred
	at teamdevhub.devhub.medium.shared.exception.GlobalExceptionHandlerTest$TestController.genericException(GlobalExceptionHandlerTest.java:49)
	at java.base/jdk.internal.reflect.NativeMethodAccessorImpl.invoke0(Native Method)
	at java.base/jdk.internal.reflect.NativeMethodAccessorImpl.invoke(NativeMethodAccessorImpl.java:77)
2026-09-16 11:07:39.387 [Test worker] ERROR t.d.s.e.GlobalExceptionHandler [] - [null] -----GlobalExceptionHandler-----: Test Error Occurred
java.lang.RuntimeException: Test Error Occurred
	at teamdevhub.devhub.medium.shared.exception.GlobalExceptionHandlerTest$TestController.genericException(GlobalExceptionHandlerTest.java:49)
	at java.base/jdk.internal.reflect.NativeMethodAccessorImpl.invoke0(Native Method)
	at java.base/jdk.internal.reflect.NativeMethodAccessorImpl.invoke(NativeMethodAccessorImpl.java:77)
2026-09-16 11:07:39.406 [Test worker] ERROR ERROR_FILE [] - [null] -----GlobalExceptionHandler-----: 중복된 계정이 존재합니다
teamdevhub.devhub.core.common.exception.DomainRuleException: 중복된 계정이 존재합니다
	at teamdevhub.devhub.core.common.exception.DomainRuleException.of(DomainRuleException.java:17)
	at teamdevhub.devhub.medium.shared.exception.GlobalExceptionHandlerTest$TestController.domainException(GlobalExceptionHandlerTest.java:35)
	at java.base/jdk.internal.reflect.NativeMethodAccessorImpl.invoke0(Native Method)
2026-09-16 11:07:39.408 [Test worker] ERROR t.d.s.e.GlobalExceptionHandler [] - [null] -----GlobalExceptionHandler-----: 중복된 계정이 존재합니다
teamdevhub.devhub.core.common.exception.DomainRuleException: 중복된 계정이 존재합니다
	at teamdevhub.devhub.core.common.exception.DomainRuleException.of(DomainRuleException.java:17)
	at teamdevhub.devhub.medium.shared.exception.GlobalExceptionHandlerTest$TestController.domainException(GlobalExceptionHandlerTest.java:35)
	at java.base/jdk.internal.reflect.NativeMethodAccessorImpl.invoke0(Native Method)
2026-09-16 11:07:39.431 [Test worker] ERROR ERROR_FILE [] - [null] -----GlobalExceptionHandler-----: Validation failed for argument [0] in private void teamdevhub.devhub.medium.shared.exception.GlobalExceptionHandlerTest.dummyMethod(java.lang.String): 
org.springframework.web.bind.MethodArgumentNotValidException: Validation failed for argument [0] in private void teamdevhub.devhub.medium.shared.exception.GlobalExceptionHandlerTest.dummyMethod(java.lang.String): 
	at teamdevhub.devhub.medium.shared.exception.GlobalExceptionHandlerTest$TestController.validationException(GlobalExceptionHandlerTest.java:45)
	at java.base/jdk.internal.reflect.NativeMethodAccessorImpl.invoke0(Native Method)
	at java.base/jdk.internal.reflect.NativeMethodAccessorImpl.invoke(NativeMethodAccessorImpl.java:77)
2026-09-16 11:07:39.432 [Test worker] ERROR t.d.s.e.GlobalExceptionHandler [] - [null] -----GlobalExceptionHandler-----: Validation failed for argument [0] in private void teamdevhub.devhub.medium.shared.exception.GlobalExceptionHandlerTest.dummyMethod(java.lang.String): 
org.springframework.web.bind.MethodArgumentNotValidException: Validation failed for argument [0] in private void teamdevhub.devhub.medium.shared.exception.GlobalExceptionHandlerTest.dummyMethod(java.lang.String): 
	at teamdevhub.devhub.medium.shared.exception.GlobalExceptionHandlerTest$TestController.validationException(GlobalExceptionHandlerTest.java:45)
	at java.base/jdk.internal.reflect.NativeMethodAccessorImpl.invoke0(Native Method)
	at java.base/jdk.internal.reflect.NativeMethodAccessorImpl.invoke(NativeMethodAccessorImpl.java:77)
2026-09-16 11:11:13.701 [Test worker] ERROR t.d.o.s.f.CustomFilterExceptionHandler [] - FilterExceptionHandler response write error
java.lang.RuntimeException: Test Error occurred
	at teamdevhub.devhub.medium.outbound.security.filter.CustomFilterExceptionHandlerTest$1.getWriter(CustomFilterExceptionHandlerTest.java:62)
	at teamdevhub.devhub.outbound.security.filter.CustomFilterExceptionHandler.handle(CustomFilterExceptionHandler.java:30)
	at teamdevhub.devhub.medium.outbound.security.filter.CustomFilterExceptionHandlerTest.lambda$swallowExceptionIfResponseWriteFails$0(CustomFilterExceptionHandlerTest.java:68)
2026-09-16 11:11:19.465 [Test worker] ERROR ERROR_FILE [] - [null] -----GlobalExceptionHandler-----: 본인인증에 실패했습니다
teamdevhub.devhub.core.common.exception.BusinessRuleException: 본인인증에 실패했습니다
	at teamdevhub.devhub.core.common.exception.BusinessRuleException.of(BusinessRuleException.java:17)
	at teamdevhub.devhub.medium.shared.exception.GlobalExceptionHandlerTest$TestController.businessException(GlobalExceptionHandlerTest.java:40)
	at java.base/jdk.internal.reflect.NativeMethodAccessorImpl.invoke0(Native Method)
2026-09-16 11:11:19.466 [Test worker] ERROR t.d.s.e.GlobalExceptionHandler [] - [null] -----GlobalExceptionHandler-----: 본인인증에 실패했습니다
teamdevhub.devhub.core.common.exception.BusinessRuleException: 본인인증에 실패했습니다
	at teamdevhub.devhub.core.common.exception.BusinessRuleException.of(BusinessRuleException.java:17)
	at teamdevhub.devhub.medium.shared.exception.GlobalExceptionHandlerTest$TestController.businessException(GlobalExceptionHandlerTest.java:40)
	at java.base/jdk.internal.reflect.NativeMethodAccessorImpl.invoke0(Native Method)
2026-09-16 11:11:19.608 [Test worker] ERROR ERROR_FILE [] - [null] -----GlobalExceptionHandler-----: Test Error Occurred
java.lang.RuntimeException: Test Error Occurred
	at teamdevhub.devhub.medium.shared.exception.GlobalExceptionHandlerTest$TestController.genericException(GlobalExceptionHandlerTest.java:49)
	at java.base/jdk.internal.reflect.NativeMethodAccessorImpl.invoke0(Native Method)
	at java.base/jdk.internal.reflect.NativeMethodAccessorImpl.invoke(NativeMethodAccessorImpl.java:77)
2026-09-16 11:11:19.610 [Test worker] ERROR t.d.s.e.GlobalExceptionHandler [] - [null] -----GlobalExceptionHandler-----: Test Error Occurred
java.lang.RuntimeException: Test Error Occurred
	at teamdevhub.devhub.medium.shared.exception.GlobalExceptionHandlerTest$TestController.genericException(GlobalExceptionHandlerTest.java:49)
	at java.base/jdk.internal.reflect.NativeMethodAccessorImpl.invoke0(Native Method)
	at java.base/jdk.internal.reflect.NativeMethodAccessorImpl.invoke(NativeMethodAccessorImpl.java:77)
2026-09-16 11:11:19.631 [Test worker] ERROR ERROR_FILE [] - [null] -----GlobalExceptionHandler-----: 중복된 계정이 존재합니다
teamdevhub.devhub.core.common.exception.DomainRuleException: 중복된 계정이 존재합니다
	at teamdevhub.devhub.core.common.exception.DomainRuleException.of(DomainRuleException.java:17)
	at teamdevhub.devhub.medium.shared.exception.GlobalExceptionHandlerTest$TestController.domainException(GlobalExceptionHandlerTest.java:35)
	at java.base/jdk.internal.reflect.NativeMethodAccessorImpl.invoke0(Native Method)
2026-09-16 11:11:19.633 [Test worker] ERROR t.d.s.e.GlobalExceptionHandler [] - [null] -----GlobalExceptionHandler-----: 중복된 계정이 존재합니다
teamdevhub.devhub.core.common.exception.DomainRuleException: 중복된 계정이 존재합니다
	at teamdevhub.devhub.core.common.exception.DomainRuleException.of(DomainRuleException.java:17)
	at teamdevhub.devhub.medium.shared.exception.GlobalExceptionHandlerTest$TestController.domainException(GlobalExceptionHandlerTest.java:35)
	at java.base/jdk.internal.reflect.NativeMethodAccessorImpl.invoke0(Native Method)
2026-09-16 11:11:19.658 [Test worker] ERROR ERROR_FILE [] - [null] -----GlobalExceptionHandler-----: Validation failed for argument [0] in private void teamdevhub.devhub.medium.shared.exception.GlobalExceptionHandlerTest.dummyMethod(java.lang.String): 
org.springframework.web.bind.MethodArgumentNotValidException: Validation failed for argument [0] in private void teamdevhub.devhub.medium.shared.exception.GlobalExceptionHandlerTest.dummyMethod(java.lang.String): 
	at teamdevhub.devhub.medium.shared.exception.GlobalExceptionHandlerTest$TestController.validationException(GlobalExceptionHandlerTest.java:45)
	at java.base/jdk.internal.reflect.NativeMethodAccessorImpl.invoke0(Native Method)
	at java.base/jdk.internal.reflect.NativeMethodAccessorImpl.invoke(NativeMethodAccessorImpl.java:77)
2026-09-16 11:11:19.659 [Test worker] ERROR t.d.s.e.GlobalExceptionHandler [] - [null] -----GlobalExceptionHandler-----: Validation failed for argument [0] in private void teamdevhub.devhub.medium.shared.exception.GlobalExceptionHandlerTest.dummyMethod(java.lang.String): 
org.springframework.web.bind.MethodArgumentNotValidException: Validation failed for argument [0] in private void teamdevhub.devhub.medium.shared.exception.GlobalExceptionHandlerTest.dummyMethod(java.lang.String): 
	at teamdevhub.devhub.medium.shared.exception.GlobalExceptionHandlerTest$TestController.validationException(GlobalExceptionHandlerTest.java:45)
	at java.base/jdk.internal.reflect.NativeMethodAccessorImpl.invoke0(Native Method)
	at java.base/jdk.internal.reflect.NativeMethodAccessorImpl.invoke(NativeMethodAccessorImpl.java:77)
2026-09-16 11:21:58.404 [Test worker] ERROR t.d.o.s.f.CustomFilterExceptionHandler [] - FilterExceptionHandler response write error
java.lang.RuntimeException: Test Error occurred
	at teamdevhub.devhub.medium.outbound.security.filter.CustomFilterExceptionHandlerTest$1.getWriter(CustomFilterExceptionHandlerTest.java:62)
	at teamdevhub.devhub.outbound.security.filter.CustomFilterExceptionHandler.handle(CustomFilterExceptionHandler.java:30)
	at teamdevhub.devhub.medium.outbound.security.filter.CustomFilterExceptionHandlerTest.lambda$swallowExceptionIfResponseWriteFails$0(CustomFilterExceptionHandlerTest.java:68)
2026-09-16 11:22:03.957 [Test worker] ERROR ERROR_FILE [] - [null] -----GlobalExceptionHandler-----: 본인인증에 실패했습니다
teamdevhub.devhub.core.common.exception.BusinessRuleException: 본인인증에 실패했습니다
	at teamdevhub.devhub.core.common.exception.BusinessRuleException.of(BusinessRuleException.java:17)
	at teamdevhub.devhub.medium.shared.exception.GlobalExceptionHandlerTest$TestController.businessException(GlobalExceptionHandlerTest.java:40)
	at java.base/jdk.internal.reflect.NativeMethodAccessorImpl.invoke0(Native Method)
2026-09-16 11:22:03.959 [Test worker] ERROR t.d.s.e.GlobalExceptionHandler [] - [null] -----GlobalExceptionHandler-----: 본인인증에 실패했습니다
teamdevhub.devhub.core.common.exception.BusinessRuleException: 본인인증에 실패했습니다
	at teamdevhub.devhub.core.common.exception.BusinessRuleException.of(BusinessRuleException.java:17)
	at teamdevhub.devhub.medium.shared.exception.GlobalExceptionHandlerTest$TestController.businessException(GlobalExceptionHandlerTest.java:40)
	at java.base/jdk.internal.reflect.NativeMethodAccessorImpl.invoke0(Native Method)
2026-09-16 11:22:04.083 [Test worker] ERROR ERROR_FILE [] - [null] -----GlobalExceptionHandler-----: Test Error Occurred
java.lang.RuntimeException: Test Error Occurred
	at teamdevhub.devhub.medium.shared.exception.GlobalExceptionHandlerTest$TestController.genericException(GlobalExceptionHandlerTest.java:49)
	at java.base/jdk.internal.reflect.NativeMethodAccessorImpl.invoke0(Native Method)
	at java.base/jdk.internal.reflect.NativeMethodAccessorImpl.invoke(NativeMethodAccessorImpl.java:77)
2026-09-16 11:22:04.084 [Test worker] ERROR t.d.s.e.GlobalExceptionHandler [] - [null] -----GlobalExceptionHandler-----: Test Error Occurred
java.lang.RuntimeException: Test Error Occurred
	at teamdevhub.devhub.medium.shared.exception.GlobalExceptionHandlerTest$TestController.genericException(GlobalExceptionHandlerTest.java:49)
	at java.base/jdk.internal.reflect.NativeMethodAccessorImpl.invoke0(Native Method)
	at java.base/jdk.internal.reflect.NativeMethodAccessorImpl.invoke(NativeMethodAccessorImpl.java:77)
2026-09-16 11:22:04.096 [Test worker] ERROR ERROR_FILE [] - [null] -----GlobalExceptionHandler-----: 중복된 계정이 존재합니다
teamdevhub.devhub.core.common.exception.DomainRuleException: 중복된 계정이 존재합니다
	at teamdevhub.devhub.core.common.exception.DomainRuleException.of(DomainRuleException.java:17)
	at teamdevhub.devhub.medium.shared.exception.GlobalExceptionHandlerTest$TestController.domainException(GlobalExceptionHandlerTest.java:35)
	at java.base/jdk.internal.reflect.NativeMethodAccessorImpl.invoke0(Native Method)
2026-09-16 11:22:04.097 [Test worker] ERROR t.d.s.e.GlobalExceptionHandler [] - [null] -----GlobalExceptionHandler-----: 중복된 계정이 존재합니다
teamdevhub.devhub.core.common.exception.DomainRuleException: 중복된 계정이 존재합니다
	at teamdevhub.devhub.core.common.exception.DomainRuleException.of(DomainRuleException.java:17)
	at teamdevhub.devhub.medium.shared.exception.GlobalExceptionHandlerTest$TestController.domainException(GlobalExceptionHandlerTest.java:35)
	at java.base/jdk.internal.reflect.NativeMethodAccessorImpl.invoke0(Native Method)
2026-09-16 11:22:04.117 [Test worker] ERROR ERROR_FILE [] - [null] -----GlobalExceptionHandler-----: Validation failed for argument [0] in private void teamdevhub.devhub.medium.shared.exception.GlobalExceptionHandlerTest.dummyMethod(java.lang.String): 
org.springframework.web.bind.MethodArgumentNotValidException: Validation failed for argument [0] in private void teamdevhub.devhub.medium.shared.exception.GlobalExceptionHandlerTest.dummyMethod(java.lang.String): 
	at teamdevhub.devhub.medium.shared.exception.GlobalExceptionHandlerTest$TestController.validationException(GlobalExceptionHandlerTest.java:45)
	at java.base/jdk.internal.reflect.NativeMethodAccessorImpl.invoke0(Native Method)
	at java.base/jdk.internal.reflect.NativeMethodAccessorImpl.invoke(NativeMethodAccessorImpl.java:77)
2026-09-16 11:22:04.118 [Test worker] ERROR t.d.s.e.GlobalExceptionHandler [] - [null] -----GlobalExceptionHandler-----: Validation failed for argument [0] in private void teamdevhub.devhub.medium.shared.exception.GlobalExceptionHandlerTest.dummyMethod(java.lang.String): 
org.springframework.web.bind.MethodArgumentNotValidException: Validation failed for argument [0] in private void teamdevhub.devhub.medium.shared.exception.GlobalExceptionHandlerTest.dummyMethod(java.lang.String): 
	at teamdevhub.devhub.medium.shared.exception.GlobalExceptionHandlerTest$TestController.validationException(GlobalExceptionHandlerTest.java:45)
	at java.base/jdk.internal.reflect.NativeMethodAccessorImpl.invoke0(Native Method)
	at java.base/jdk.internal.reflect.NativeMethodAccessorImpl.invoke(NativeMethodAccessorImpl.java:77)
2026-09-16 11:47:29.004 [Test worker] ERROR t.d.o.s.f.CustomFilterExceptionHandler [] - FilterExceptionHandler response write error
java.lang.RuntimeException: Test Error occurred
	at teamdevhub.devhub.medium.outbound.security.filter.CustomFilterExceptionHandlerTest$1.getWriter(CustomFilterExceptionHandlerTest.java:62)
	at teamdevhub.devhub.outbound.security.filter.CustomFilterExceptionHandler.handle(CustomFilterExceptionHandler.java:30)
	at teamdevhub.devhub.medium.outbound.security.filter.CustomFilterExceptionHandlerTest.lambda$swallowExceptionIfResponseWriteFails$0(CustomFilterExceptionHandlerTest.java:68)
2026-09-16 11:47:35.751 [Test worker] ERROR ERROR_FILE [] - [null] -----GlobalExceptionHandler-----: 본인인증에 실패했습니다
teamdevhub.devhub.core.common.exception.BusinessRuleException: 본인인증에 실패했습니다
	at teamdevhub.devhub.core.common.exception.BusinessRuleException.of(BusinessRuleException.java:17)
	at teamdevhub.devhub.medium.shared.exception.GlobalExceptionHandlerTest$TestController.businessException(GlobalExceptionHandlerTest.java:40)
	at java.base/jdk.internal.reflect.NativeMethodAccessorImpl.invoke0(Native Method)
2026-09-16 11:47:35.756 [Test worker] ERROR t.d.s.e.GlobalExceptionHandler [] - [null] -----GlobalExceptionHandler-----: 본인인증에 실패했습니다
teamdevhub.devhub.core.common.exception.BusinessRuleException: 본인인증에 실패했습니다
	at teamdevhub.devhub.core.common.exception.BusinessRuleException.of(BusinessRuleException.java:17)
	at teamdevhub.devhub.medium.shared.exception.GlobalExceptionHandlerTest$TestController.businessException(GlobalExceptionHandlerTest.java:40)
	at java.base/jdk.internal.reflect.NativeMethodAccessorImpl.invoke0(Native Method)
2026-09-16 11:47:35.933 [Test worker] ERROR ERROR_FILE [] - [null] -----GlobalExceptionHandler-----: Test Error Occurred
java.lang.RuntimeException: Test Error Occurred
	at teamdevhub.devhub.medium.shared.exception.GlobalExceptionHandlerTest$TestController.genericException(GlobalExceptionHandlerTest.java:49)
	at java.base/jdk.internal.reflect.NativeMethodAccessorImpl.invoke0(Native Method)
	at java.base/jdk.internal.reflect.NativeMethodAccessorImpl.invoke(NativeMethodAccessorImpl.java:77)
2026-09-16 11:47:35.937 [Test worker] ERROR t.d.s.e.GlobalExceptionHandler [] - [null] -----GlobalExceptionHandler-----: Test Error Occurred
java.lang.RuntimeException: Test Error Occurred
	at teamdevhub.devhub.medium.shared.exception.GlobalExceptionHandlerTest$TestController.genericException(GlobalExceptionHandlerTest.java:49)
	at java.base/jdk.internal.reflect.NativeMethodAccessorImpl.invoke0(Native Method)
	at java.base/jdk.internal.reflect.NativeMethodAccessorImpl.invoke(NativeMethodAccessorImpl.java:77)
2026-09-16 11:47:35.957 [Test worker] ERROR ERROR_FILE [] - [null] -----GlobalExceptionHandler-----: 중복된 계정이 존재합니다
teamdevhub.devhub.core.common.exception.DomainRuleException: 중복된 계정이 존재합니다
	at teamdevhub.devhub.core.common.exception.DomainRuleException.of(DomainRuleException.java:17)
	at teamdevhub.devhub.medium.shared.exception.GlobalExceptionHandlerTest$TestController.domainException(GlobalExceptionHandlerTest.java:35)
	at java.base/jdk.internal.reflect.NativeMethodAccessorImpl.invoke0(Native Method)
2026-09-16 11:47:35.958 [Test worker] ERROR t.d.s.e.GlobalExceptionHandler [] - [null] -----GlobalExceptionHandler-----: 중복된 계정이 존재합니다
teamdevhub.devhub.core.common.exception.DomainRuleException: 중복된 계정이 존재합니다
	at teamdevhub.devhub.core.common.exception.DomainRuleException.of(DomainRuleException.java:17)
	at teamdevhub.devhub.medium.shared.exception.GlobalExceptionHandlerTest$TestController.domainException(GlobalExceptionHandlerTest.java:35)
	at java.base/jdk.internal.reflect.NativeMethodAccessorImpl.invoke0(Native Method)
2026-09-16 11:47:35.985 [Test worker] ERROR ERROR_FILE [] - [null] -----GlobalExceptionHandler-----: Validation failed for argument [0] in private void teamdevhub.devhub.medium.shared.exception.GlobalExceptionHandlerTest.dummyMethod(java.lang.String): 
org.springframework.web.bind.MethodArgumentNotValidException: Validation failed for argument [0] in private void teamdevhub.devhub.medium.shared.exception.GlobalExceptionHandlerTest.dummyMethod(java.lang.String): 
	at teamdevhub.devhub.medium.shared.exception.GlobalExceptionHandlerTest$TestController.validationException(GlobalExceptionHandlerTest.java:45)
	at java.base/jdk.internal.reflect.NativeMethodAccessorImpl.invoke0(Native Method)
	at java.base/jdk.internal.reflect.NativeMethodAccessorImpl.invoke(NativeMethodAccessorImpl.java:77)
2026-09-16 11:47:35.986 [Test worker] ERROR t.d.s.e.GlobalExceptionHandler [] - [null] -----GlobalExceptionHandler-----: Validation failed for argument [0] in private void teamdevhub.devhub.medium.shared.exception.GlobalExceptionHandlerTest.dummyMethod(java.lang.String): 
org.springframework.web.bind.MethodArgumentNotValidException: Validation failed for argument [0] in private void teamdevhub.devhub.medium.shared.exception.GlobalExceptionHandlerTest.dummyMethod(java.lang.String): 
	at teamdevhub.devhub.medium.shared.exception.GlobalExceptionHandlerTest$TestController.validationException(GlobalExceptionHandlerTest.java:45)
	at java.base/jdk.internal.reflect.NativeMethodAccessorImpl.invoke0(Native Method)
	at java.base/jdk.internal.reflect.NativeMethodAccessorImpl.invoke(NativeMethodAccessorImpl.java:77)
2026-09-16 11:54:22.039 [Test worker] ERROR t.d.o.s.f.CustomFilterExceptionHandler [] - FilterExceptionHandler response write error
java.lang.RuntimeException: Test Error occurred
	at teamdevhub.devhub.medium.outbound.security.filter.CustomFilterExceptionHandlerTest$1.getWriter(CustomFilterExceptionHandlerTest.java:62)
	at teamdevhub.devhub.outbound.security.filter.CustomFilterExceptionHandler.handle(CustomFilterExceptionHandler.java:30)
	at teamdevhub.devhub.medium.outbound.security.filter.CustomFilterExceptionHandlerTest.lambda$swallowExceptionIfResponseWriteFails$0(CustomFilterExceptionHandlerTest.java:68)
2026-09-16 11:54:26.166 [Test worker] ERROR ERROR_FILE [] - [null] -----GlobalExceptionHandler-----: 본인인증에 실패했습니다
teamdevhub.devhub.core.common.exception.BusinessRuleException: 본인인증에 실패했습니다
	at teamdevhub.devhub.core.common.exception.BusinessRuleException.of(BusinessRuleException.java:17)
	at teamdevhub.devhub.medium.shared.exception.GlobalExceptionHandlerTest$TestController.businessException(GlobalExceptionHandlerTest.java:40)
	at java.base/jdk.internal.reflect.NativeMethodAccessorImpl.invoke0(Native Method)
2026-09-16 11:54:26.167 [Test worker] ERROR t.d.s.e.GlobalExceptionHandler [] - [null] -----GlobalExceptionHandler-----: 본인인증에 실패했습니다
teamdevhub.devhub.core.common.exception.BusinessRuleException: 본인인증에 실패했습니다
	at teamdevhub.devhub.core.common.exception.BusinessRuleException.of(BusinessRuleException.java:17)
	at teamdevhub.devhub.medium.shared.exception.GlobalExceptionHandlerTest$TestController.businessException(GlobalExceptionHandlerTest.java:40)
	at java.base/jdk.internal.reflect.NativeMethodAccessorImpl.invoke0(Native Method)
2026-09-16 11:54:26.243 [Test worker] ERROR ERROR_FILE [] - [null] -----GlobalExceptionHandler-----: Test Error Occurred
java.lang.RuntimeException: Test Error Occurred
	at teamdevhub.devhub.medium.shared.exception.GlobalExceptionHandlerTest$TestController.genericException(GlobalExceptionHandlerTest.java:49)
	at java.base/jdk.internal.reflect.NativeMethodAccessorImpl.invoke0(Native Method)
	at java.base/jdk.internal.reflect.NativeMethodAccessorImpl.invoke(NativeMethodAccessorImpl.java:77)
2026-09-16 11:54:26.243 [Test worker] ERROR t.d.s.e.GlobalExceptionHandler [] - [null] -----GlobalExceptionHandler-----: Test Error Occurred
java.lang.RuntimeException: Test Error Occurred
	at teamdevhub.devhub.medium.shared.exception.GlobalExceptionHandlerTest$TestController.genericException(GlobalExceptionHandlerTest.java:49)
	at java.base/jdk.internal.reflect.NativeMethodAccessorImpl.invoke0(Native Method)
	at java.base/jdk.internal.reflect.NativeMethodAccessorImpl.invoke(NativeMethodAccessorImpl.java:77)
2026-09-16 11:54:26.253 [Test worker] ERROR ERROR_FILE [] - [null] -----GlobalExceptionHandler-----: 중복된 계정이 존재합니다
teamdevhub.devhub.core.common.exception.DomainRuleException: 중복된 계정이 존재합니다
	at teamdevhub.devhub.core.common.exception.DomainRuleException.of(DomainRuleException.java:17)
	at teamdevhub.devhub.medium.shared.exception.GlobalExceptionHandlerTest$TestController.domainException(GlobalExceptionHandlerTest.java:35)
	at java.base/jdk.internal.reflect.NativeMethodAccessorImpl.invoke0(Native Method)
2026-09-16 11:54:26.254 [Test worker] ERROR t.d.s.e.GlobalExceptionHandler [] - [null] -----GlobalExceptionHandler-----: 중복된 계정이 존재합니다
teamdevhub.devhub.core.common.exception.DomainRuleException: 중복된 계정이 존재합니다
	at teamdevhub.devhub.core.common.exception.DomainRuleException.of(DomainRuleException.java:17)
	at teamdevhub.devhub.medium.shared.exception.GlobalExceptionHandlerTest$TestController.domainException(GlobalExceptionHandlerTest.java:35)
	at java.base/jdk.internal.reflect.NativeMethodAccessorImpl.invoke0(Native Method)
2026-09-16 11:54:26.269 [Test worker] ERROR ERROR_FILE [] - [null] -----GlobalExceptionHandler-----: Validation failed for argument [0] in private void teamdevhub.devhub.medium.shared.exception.GlobalExceptionHandlerTest.dummyMethod(java.lang.String): 
org.springframework.web.bind.MethodArgumentNotValidException: Validation failed for argument [0] in private void teamdevhub.devhub.medium.shared.exception.GlobalExceptionHandlerTest.dummyMethod(java.lang.String): 
	at teamdevhub.devhub.medium.shared.exception.GlobalExceptionHandlerTest$TestController.validationException(GlobalExceptionHandlerTest.java:45)
	at java.base/jdk.internal.reflect.NativeMethodAccessorImpl.invoke0(Native Method)
	at java.base/jdk.internal.reflect.NativeMethodAccessorImpl.invoke(NativeMethodAccessorImpl.java:77)
2026-09-16 11:54:26.269 [Test worker] ERROR t.d.s.e.GlobalExceptionHandler [] - [null] -----GlobalExceptionHandler-----: Validation failed for argument [0] in private void teamdevhub.devhub.medium.shared.exception.GlobalExceptionHandlerTest.dummyMethod(java.lang.String): 
org.springframework.web.bind.MethodArgumentNotValidException: Validation failed for argument [0] in private void teamdevhub.devhub.medium.shared.exception.GlobalExceptionHandlerTest.dummyMethod(java.lang.String): 
	at teamdevhub.devhub.medium.shared.exception.GlobalExceptionHandlerTest$TestController.validationException(GlobalExceptionHandlerTest.java:45)
	at java.base/jdk.internal.reflect.NativeMethodAccessorImpl.invoke0(Native Method)
	at java.base/jdk.internal.reflect.NativeMethodAccessorImpl.invoke(NativeMethodAccessorImpl.java:77)
2026-09-16 12:20:08.891 [Test worker] ERROR t.d.o.s.f.CustomFilterExceptionHandler [] - FilterExceptionHandler response write error
java.lang.RuntimeException: Test Error occurred
	at teamdevhub.devhub.medium.outbound.security.filter.CustomFilterExceptionHandlerTest$1.getWriter(CustomFilterExceptionHandlerTest.java:62)
	at teamdevhub.devhub.outbound.security.filter.CustomFilterExceptionHandler.handle(CustomFilterExceptionHandler.java:30)
	at teamdevhub.devhub.medium.outbound.security.filter.CustomFilterExceptionHandlerTest.lambda$swallowExceptionIfResponseWriteFails$0(CustomFilterExceptionHandlerTest.java:68)
2026-09-16 12:20:16.942 [Test worker] ERROR ERROR_FILE [] - [null] -----GlobalExceptionHandler-----: 본인인증에 실패했습니다
teamdevhub.devhub.core.common.exception.BusinessRuleException: 본인인증에 실패했습니다
	at teamdevhub.devhub.core.common.exception.BusinessRuleException.of(BusinessRuleException.java:17)
	at teamdevhub.devhub.medium.shared.exception.GlobalExceptionHandlerTest$TestController.businessException(GlobalExceptionHandlerTest.java:40)
	at java.base/jdk.internal.reflect.NativeMethodAccessorImpl.invoke0(Native Method)
2026-09-16 12:20:16.943 [Test worker] ERROR t.d.s.e.GlobalExceptionHandler [] - [null] -----GlobalExceptionHandler-----: 본인인증에 실패했습니다
teamdevhub.devhub.core.common.exception.BusinessRuleException: 본인인증에 실패했습니다
	at teamdevhub.devhub.core.common.exception.BusinessRuleException.of(BusinessRuleException.java:17)
	at teamdevhub.devhub.medium.shared.exception.GlobalExceptionHandlerTest$TestController.businessException(GlobalExceptionHandlerTest.java:40)
	at java.base/jdk.internal.reflect.NativeMethodAccessorImpl.invoke0(Native Method)
2026-09-16 12:20:17.099 [Test worker] ERROR ERROR_FILE [] - [null] -----GlobalExceptionHandler-----: Test Error Occurred
java.lang.RuntimeException: Test Error Occurred
	at teamdevhub.devhub.medium.shared.exception.GlobalExceptionHandlerTest$TestController.genericException(GlobalExceptionHandlerTest.java:49)
	at java.base/jdk.internal.reflect.NativeMethodAccessorImpl.invoke0(Native Method)
	at java.base/jdk.internal.reflect.NativeMethodAccessorImpl.invoke(NativeMethodAccessorImpl.java:77)
2026-09-16 12:20:17.100 [Test worker] ERROR t.d.s.e.GlobalExceptionHandler [] - [null] -----GlobalExceptionHandler-----: Test Error Occurred
java.lang.RuntimeException: Test Error Occurred
	at teamdevhub.devhub.medium.shared.exception.GlobalExceptionHandlerTest$TestController.genericException(GlobalExceptionHandlerTest.java:49)
	at java.base/jdk.internal.reflect.NativeMethodAccessorImpl.invoke0(Native Method)
	at java.base/jdk.internal.reflect.NativeMethodAccessorImpl.invoke(NativeMethodAccessorImpl.java:77)
2026-09-16 12:20:17.116 [Test worker] ERROR ERROR_FILE [] - [null] -----GlobalExceptionHandler-----: 중복된 계정이 존재합니다
teamdevhub.devhub.core.common.exception.DomainRuleException: 중복된 계정이 존재합니다
	at teamdevhub.devhub.core.common.exception.DomainRuleException.of(DomainRuleException.java:17)
	at teamdevhub.devhub.medium.shared.exception.GlobalExceptionHandlerTest$TestController.domainException(GlobalExceptionHandlerTest.java:35)
	at java.base/jdk.internal.reflect.NativeMethodAccessorImpl.invoke0(Native Method)
2026-09-16 12:20:17.118 [Test worker] ERROR t.d.s.e.GlobalExceptionHandler [] - [null] -----GlobalExceptionHandler-----: 중복된 계정이 존재합니다
teamdevhub.devhub.core.common.exception.DomainRuleException: 중복된 계정이 존재합니다
	at teamdevhub.devhub.core.common.exception.DomainRuleException.of(DomainRuleException.java:17)
	at teamdevhub.devhub.medium.shared.exception.GlobalExceptionHandlerTest$TestController.domainException(GlobalExceptionHandlerTest.java:35)
	at java.base/jdk.internal.reflect.NativeMethodAccessorImpl.invoke0(Native Method)
2026-09-16 12:20:17.135 [Test worker] ERROR ERROR_FILE [] - [null] -----GlobalExceptionHandler-----: Validation failed for argument [0] in private void teamdevhub.devhub.medium.shared.exception.GlobalExceptionHandlerTest.dummyMethod(java.lang.String): 
org.springframework.web.bind.MethodArgumentNotValidException: Validation failed for argument [0] in private void teamdevhub.devhub.medium.shared.exception.GlobalExceptionHandlerTest.dummyMethod(java.lang.String): 
	at teamdevhub.devhub.medium.shared.exception.GlobalExceptionHandlerTest$TestController.validationException(GlobalExceptionHandlerTest.java:45)
	at java.base/jdk.internal.reflect.NativeMethodAccessorImpl.invoke0(Native Method)
	at java.base/jdk.internal.reflect.NativeMethodAccessorImpl.invoke(NativeMethodAccessorImpl.java:77)
2026-09-16 12:20:17.135 [Test worker] ERROR t.d.s.e.GlobalExceptionHandler [] - [null] -----GlobalExceptionHandler-----: Validation failed for argument [0] in private void teamdevhub.devhub.medium.shared.exception.GlobalExceptionHandlerTest.dummyMethod(java.lang.String): 
org.springframework.web.bind.MethodArgumentNotValidException: Validation failed for argument [0] in private void teamdevhub.devhub.medium.shared.exception.GlobalExceptionHandlerTest.dummyMethod(java.lang.String): 
	at teamdevhub.devhub.medium.shared.exception.GlobalExceptionHandlerTest$TestController.validationException(GlobalExceptionHandlerTest.java:45)
	at java.base/jdk.internal.reflect.NativeMethodAccessorImpl.invoke0(Native Method)
	at java.base/jdk.internal.reflect.NativeMethodAccessorImpl.invoke(NativeMethodAccessorImpl.java:77)
2026-09-16 12:23:40.044 [Test worker] ERROR t.d.o.s.f.CustomFilterExceptionHandler [] - FilterExceptionHandler response write error
java.lang.RuntimeException: Test Error occurred
	at teamdevhub.devhub.medium.outbound.security.filter.CustomFilterExceptionHandlerTest$1.getWriter(CustomFilterExceptionHandlerTest.java:62)
	at teamdevhub.devhub.outbound.security.filter.CustomFilterExceptionHandler.handle(CustomFilterExceptionHandler.java:30)
	at teamdevhub.devhub.medium.outbound.security.filter.CustomFilterExceptionHandlerTest.lambda$swallowExceptionIfResponseWriteFails$0(CustomFilterExceptionHandlerTest.java:68)
2026-09-16 12:23:45.701 [Test worker] ERROR ERROR_FILE [] - [null] -----GlobalExceptionHandler-----: 본인인증에 실패했습니다
teamdevhub.devhub.core.common.exception.BusinessRuleException: 본인인증에 실패했습니다
	at teamdevhub.devhub.core.common.exception.BusinessRuleException.of(BusinessRuleException.java:17)
	at teamdevhub.devhub.medium.shared.exception.GlobalExceptionHandlerTest$TestController.businessException(GlobalExceptionHandlerTest.java:40)
	at java.base/jdk.internal.reflect.NativeMethodAccessorImpl.invoke0(Native Method)
2026-09-16 12:23:45.702 [Test worker] ERROR t.d.s.e.GlobalExceptionHandler [] - [null] -----GlobalExceptionHandler-----: 본인인증에 실패했습니다
teamdevhub.devhub.core.common.exception.BusinessRuleException: 본인인증에 실패했습니다
	at teamdevhub.devhub.core.common.exception.BusinessRuleException.of(BusinessRuleException.java:17)
	at teamdevhub.devhub.medium.shared.exception.GlobalExceptionHandlerTest$TestController.businessException(GlobalExceptionHandlerTest.java:40)
	at java.base/jdk.internal.reflect.NativeMethodAccessorImpl.invoke0(Native Method)
2026-09-16 12:23:45.791 [Test worker] ERROR ERROR_FILE [] - [null] -----GlobalExceptionHandler-----: Test Error Occurred
java.lang.RuntimeException: Test Error Occurred
	at teamdevhub.devhub.medium.shared.exception.GlobalExceptionHandlerTest$TestController.genericException(GlobalExceptionHandlerTest.java:49)
	at java.base/jdk.internal.reflect.NativeMethodAccessorImpl.invoke0(Native Method)
	at java.base/jdk.internal.reflect.NativeMethodAccessorImpl.invoke(NativeMethodAccessorImpl.java:77)
2026-09-16 12:23:45.791 [Test worker] ERROR t.d.s.e.GlobalExceptionHandler [] - [null] -----GlobalExceptionHandler-----: Test Error Occurred
java.lang.RuntimeException: Test Error Occurred
	at teamdevhub.devhub.medium.shared.exception.GlobalExceptionHandlerTest$TestController.genericException(GlobalExceptionHandlerTest.java:49)
	at java.base/jdk.internal.reflect.NativeMethodAccessorImpl.invoke0(Native Method)
	at java.base/jdk.internal.reflect.NativeMethodAccessorImpl.invoke(NativeMethodAccessorImpl.java:77)
2026-09-16 12:23:45.805 [Test worker] ERROR ERROR_FILE [] - [null] -----GlobalExceptionHandler-----: 중복된 계정이 존재합니다
teamdevhub.devhub.core.common.exception.DomainRuleException: 중복된 계정이 존재합니다
	at teamdevhub.devhub.core.common.exception.DomainRuleException.of(DomainRuleException.java:17)
	at teamdevhub.devhub.medium.shared.exception.GlobalExceptionHandlerTest$TestController.domainException(GlobalExceptionHandlerTest.java:35)
	at java.base/jdk.internal.reflect.NativeMethodAccessorImpl.invoke0(Native Method)
2026-09-16 12:23:45.806 [Test worker] ERROR t.d.s.e.GlobalExceptionHandler [] - [null] -----GlobalExceptionHandler-----: 중복된 계정이 존재합니다
teamdevhub.devhub.core.common.exception.DomainRuleException: 중복된 계정이 존재합니다
	at teamdevhub.devhub.core.common.exception.DomainRuleException.of(DomainRuleException.java:17)
	at teamdevhub.devhub.medium.shared.exception.GlobalExceptionHandlerTest$TestController.domainException(GlobalExceptionHandlerTest.java:35)
	at java.base/jdk.internal.reflect.NativeMethodAccessorImpl.invoke0(Native Method)
2026-09-16 12:23:45.823 [Test worker] ERROR ERROR_FILE [] - [null] -----GlobalExceptionHandler-----: Validation failed for argument [0] in private void teamdevhub.devhub.medium.shared.exception.GlobalExceptionHandlerTest.dummyMethod(java.lang.String): 
org.springframework.web.bind.MethodArgumentNotValidException: Validation failed for argument [0] in private void teamdevhub.devhub.medium.shared.exception.GlobalExceptionHandlerTest.dummyMethod(java.lang.String): 
	at teamdevhub.devhub.medium.shared.exception.GlobalExceptionHandlerTest$TestController.validationException(GlobalExceptionHandlerTest.java:45)
	at java.base/jdk.internal.reflect.NativeMethodAccessorImpl.invoke0(Native Method)
	at java.base/jdk.internal.reflect.NativeMethodAccessorImpl.invoke(NativeMethodAccessorImpl.java:77)
2026-09-16 12:23:45.824 [Test worker] ERROR t.d.s.e.GlobalExceptionHandler [] - [null] -----GlobalExceptionHandler-----: Validation failed for argument [0] in private void teamdevhub.devhub.medium.shared.exception.GlobalExceptionHandlerTest.dummyMethod(java.lang.String): 
org.springframework.web.bind.MethodArgumentNotValidException: Validation failed for argument [0] in private void teamdevhub.devhub.medium.shared.exception.GlobalExceptionHandlerTest.dummyMethod(java.lang.String): 
	at teamdevhub.devhub.medium.shared.exception.GlobalExceptionHandlerTest$TestController.validationException(GlobalExceptionHandlerTest.java:45)
	at java.base/jdk.internal.reflect.NativeMethodAccessorImpl.invoke0(Native Method)
	at java.base/jdk.internal.reflect.NativeMethodAccessorImpl.invoke(NativeMethodAccessorImpl.java:77)
2026-09-16 13:56:31.053 [Test worker] ERROR t.d.o.s.f.CustomFilterExceptionHandler [] - FilterExceptionHandler response write error
java.lang.RuntimeException: Test Error occurred
	at teamdevhub.devhub.medium.outbound.security.filter.CustomFilterExceptionHandlerTest$1.getWriter(CustomFilterExceptionHandlerTest.java:62)
	at teamdevhub.devhub.outbound.security.filter.CustomFilterExceptionHandler.handle(CustomFilterExceptionHandler.java:30)
	at teamdevhub.devhub.medium.outbound.security.filter.CustomFilterExceptionHandlerTest.lambda$swallowExceptionIfResponseWriteFails$0(CustomFilterExceptionHandlerTest.java:68)
2026-09-16 13:56:36.287 [Test worker] ERROR ERROR_FILE [] - [null] -----GlobalExceptionHandler-----: 본인인증에 실패했습니다
teamdevhub.devhub.core.common.exception.BusinessRuleException: 본인인증에 실패했습니다
	at teamdevhub.devhub.core.common.exception.BusinessRuleException.of(BusinessRuleException.java:17)
	at teamdevhub.devhub.medium.shared.exception.GlobalExceptionHandlerTest$TestController.businessException(GlobalExceptionHandlerTest.java:40)
	at java.base/jdk.internal.reflect.NativeMethodAccessorImpl.invoke0(Native Method)
2026-09-16 13:56:36.289 [Test worker] ERROR t.d.s.e.GlobalExceptionHandler [] - [null] -----GlobalExceptionHandler-----: 본인인증에 실패했습니다
teamdevhub.devhub.core.common.exception.BusinessRuleException: 본인인증에 실패했습니다
	at teamdevhub.devhub.core.common.exception.BusinessRuleException.of(BusinessRuleException.java:17)
	at teamdevhub.devhub.medium.shared.exception.GlobalExceptionHandlerTest$TestController.businessException(GlobalExceptionHandlerTest.java:40)
	at java.base/jdk.internal.reflect.NativeMethodAccessorImpl.invoke0(Native Method)
2026-09-16 13:56:36.374 [Test worker] ERROR ERROR_FILE [] - [null] -----GlobalExceptionHandler-----: Test Error Occurred
java.lang.RuntimeException: Test Error Occurred
	at teamdevhub.devhub.medium.shared.exception.GlobalExceptionHandlerTest$TestController.genericException(GlobalExceptionHandlerTest.java:49)
	at java.base/jdk.internal.reflect.NativeMethodAccessorImpl.invoke0(Native Method)
	at java.base/jdk.internal.reflect.NativeMethodAccessorImpl.invoke(NativeMethodAccessorImpl.java:77)
2026-09-16 13:56:36.378 [Test worker] ERROR t.d.s.e.GlobalExceptionHandler [] - [null] -----GlobalExceptionHandler-----: Test Error Occurred
java.lang.RuntimeException: Test Error Occurred
	at teamdevhub.devhub.medium.shared.exception.GlobalExceptionHandlerTest$TestController.genericException(GlobalExceptionHandlerTest.java:49)
	at java.base/jdk.internal.reflect.NativeMethodAccessorImpl.invoke0(Native Method)
	at java.base/jdk.internal.reflect.NativeMethodAccessorImpl.invoke(NativeMethodAccessorImpl.java:77)
2026-09-16 13:56:36.386 [Test worker] ERROR ERROR_FILE [] - [null] -----GlobalExceptionHandler-----: 중복된 계정이 존재합니다
teamdevhub.devhub.core.common.exception.DomainRuleException: 중복된 계정이 존재합니다
	at teamdevhub.devhub.core.common.exception.DomainRuleException.of(DomainRuleException.java:17)
	at teamdevhub.devhub.medium.shared.exception.GlobalExceptionHandlerTest$TestController.domainException(GlobalExceptionHandlerTest.java:35)
	at java.base/jdk.internal.reflect.NativeMethodAccessorImpl.invoke0(Native Method)
2026-09-16 13:56:36.387 [Test worker] ERROR t.d.s.e.GlobalExceptionHandler [] - [null] -----GlobalExceptionHandler-----: 중복된 계정이 존재합니다
teamdevhub.devhub.core.common.exception.DomainRuleException: 중복된 계정이 존재합니다
	at teamdevhub.devhub.core.common.exception.DomainRuleException.of(DomainRuleException.java:17)
	at teamdevhub.devhub.medium.shared.exception.GlobalExceptionHandlerTest$TestController.domainException(GlobalExceptionHandlerTest.java:35)
	at java.base/jdk.internal.reflect.NativeMethodAccessorImpl.invoke0(Native Method)
2026-09-16 13:56:36.404 [Test worker] ERROR ERROR_FILE [] - [null] -----GlobalExceptionHandler-----: Validation failed for argument [0] in private void teamdevhub.devhub.medium.shared.exception.GlobalExceptionHandlerTest.dummyMethod(java.lang.String): 
org.springframework.web.bind.MethodArgumentNotValidException: Validation failed for argument [0] in private void teamdevhub.devhub.medium.shared.exception.GlobalExceptionHandlerTest.dummyMethod(java.lang.String): 
	at teamdevhub.devhub.medium.shared.exception.GlobalExceptionHandlerTest$TestController.validationException(GlobalExceptionHandlerTest.java:45)
	at java.base/jdk.internal.reflect.NativeMethodAccessorImpl.invoke0(Native Method)
	at java.base/jdk.internal.reflect.NativeMethodAccessorImpl.invoke(NativeMethodAccessorImpl.java:77)
2026-09-16 13:56:36.405 [Test worker] ERROR t.d.s.e.GlobalExceptionHandler [] - [null] -----GlobalExceptionHandler-----: Validation failed for argument [0] in private void teamdevhub.devhub.medium.shared.exception.GlobalExceptionHandlerTest.dummyMethod(java.lang.String): 
org.springframework.web.bind.MethodArgumentNotValidException: Validation failed for argument [0] in private void teamdevhub.devhub.medium.shared.exception.GlobalExceptionHandlerTest.dummyMethod(java.lang.String): 
	at teamdevhub.devhub.medium.shared.exception.GlobalExceptionHandlerTest$TestController.validationException(GlobalExceptionHandlerTest.java:45)
	at java.base/jdk.internal.reflect.NativeMethodAccessorImpl.invoke0(Native Method)
	at java.base/jdk.internal.reflect.NativeMethodAccessorImpl.invoke(NativeMethodAccessorImpl.java:77)
2026-09-16 14:44:02.556 [Test worker] ERROR t.d.o.s.f.CustomFilterExceptionHandler [] - FilterExceptionHandler response write error
java.lang.RuntimeException: Test Error occurred
	at teamdevhub.devhub.medium.outbound.security.filter.CustomFilterExceptionHandlerTest$1.getWriter(CustomFilterExceptionHandlerTest.java:62)
	at teamdevhub.devhub.outbound.security.filter.CustomFilterExceptionHandler.handle(CustomFilterExceptionHandler.java:30)
	at teamdevhub.devhub.medium.outbound.security.filter.CustomFilterExceptionHandlerTest.lambda$swallowExceptionIfResponseWriteFails$0(CustomFilterExceptionHandlerTest.java:68)
2026-09-16 14:44:09.510 [Test worker] ERROR ERROR_FILE [] - [null] -----GlobalExceptionHandler-----: 본인인증에 실패했습니다
teamdevhub.devhub.core.common.exception.BusinessRuleException: 본인인증에 실패했습니다
	at teamdevhub.devhub.core.common.exception.BusinessRuleException.of(BusinessRuleException.java:17)
	at teamdevhub.devhub.medium.shared.exception.GlobalExceptionHandlerTest$TestController.businessException(GlobalExceptionHandlerTest.java:40)
	at java.base/jdk.internal.reflect.NativeMethodAccessorImpl.invoke0(Native Method)
2026-09-16 14:44:09.513 [Test worker] ERROR t.d.s.e.GlobalExceptionHandler [] - [null] -----GlobalExceptionHandler-----: 본인인증에 실패했습니다
teamdevhub.devhub.core.common.exception.BusinessRuleException: 본인인증에 실패했습니다
	at teamdevhub.devhub.core.common.exception.BusinessRuleException.of(BusinessRuleException.java:17)
	at teamdevhub.devhub.medium.shared.exception.GlobalExceptionHandlerTest$TestController.businessException(GlobalExceptionHandlerTest.java:40)
	at java.base/jdk.internal.reflect.NativeMethodAccessorImpl.invoke0(Native Method)
2026-09-16 14:44:09.756 [Test worker] ERROR ERROR_FILE [] - [null] -----GlobalExceptionHandler-----: Test Error Occurred
java.lang.RuntimeException: Test Error Occurred
	at teamdevhub.devhub.medium.shared.exception.GlobalExceptionHandlerTest$TestController.genericException(GlobalExceptionHandlerTest.java:49)
	at java.base/jdk.internal.reflect.NativeMethodAccessorImpl.invoke0(Native Method)
	at java.base/jdk.internal.reflect.NativeMethodAccessorImpl.invoke(NativeMethodAccessorImpl.java:77)
2026-09-16 14:44:09.757 [Test worker] ERROR t.d.s.e.GlobalExceptionHandler [] - [null] -----GlobalExceptionHandler-----: Test Error Occurred
java.lang.RuntimeException: Test Error Occurred
	at teamdevhub.devhub.medium.shared.exception.GlobalExceptionHandlerTest$TestController.genericException(GlobalExceptionHandlerTest.java:49)
	at java.base/jdk.internal.reflect.NativeMethodAccessorImpl.invoke0(Native Method)
	at java.base/jdk.internal.reflect.NativeMethodAccessorImpl.invoke(NativeMethodAccessorImpl.java:77)
2026-09-16 14:44:09.769 [Test worker] ERROR ERROR_FILE [] - [null] -----GlobalExceptionHandler-----: 중복된 계정이 존재합니다
teamdevhub.devhub.core.common.exception.DomainRuleException: 중복된 계정이 존재합니다
	at teamdevhub.devhub.core.common.exception.DomainRuleException.of(DomainRuleException.java:17)
	at teamdevhub.devhub.medium.shared.exception.GlobalExceptionHandlerTest$TestController.domainException(GlobalExceptionHandlerTest.java:35)
	at java.base/jdk.internal.reflect.NativeMethodAccessorImpl.invoke0(Native Method)
2026-09-16 14:44:09.770 [Test worker] ERROR t.d.s.e.GlobalExceptionHandler [] - [null] -----GlobalExceptionHandler-----: 중복된 계정이 존재합니다
teamdevhub.devhub.core.common.exception.DomainRuleException: 중복된 계정이 존재합니다
	at teamdevhub.devhub.core.common.exception.DomainRuleException.of(DomainRuleException.java:17)
	at teamdevhub.devhub.medium.shared.exception.GlobalExceptionHandlerTest$TestController.domainException(GlobalExceptionHandlerTest.java:35)
	at java.base/jdk.internal.reflect.NativeMethodAccessorImpl.invoke0(Native Method)
2026-09-16 14:44:09.895 [Test worker] ERROR ERROR_FILE [] - [null] -----GlobalExceptionHandler-----: Validation failed for argument [0] in private void teamdevhub.devhub.medium.shared.exception.GlobalExceptionHandlerTest.dummyMethod(java.lang.String): 
org.springframework.web.bind.MethodArgumentNotValidException: Validation failed for argument [0] in private void teamdevhub.devhub.medium.shared.exception.GlobalExceptionHandlerTest.dummyMethod(java.lang.String): 
	at teamdevhub.devhub.medium.shared.exception.GlobalExceptionHandlerTest$TestController.validationException(GlobalExceptionHandlerTest.java:45)
	at java.base/jdk.internal.reflect.NativeMethodAccessorImpl.invoke0(Native Method)
	at java.base/jdk.internal.reflect.NativeMethodAccessorImpl.invoke(NativeMethodAccessorImpl.java:77)
2026-09-16 14:44:09.896 [Test worker] ERROR t.d.s.e.GlobalExceptionHandler [] - [null] -----GlobalExceptionHandler-----: Validation failed for argument [0] in private void teamdevhub.devhub.medium.shared.exception.GlobalExceptionHandlerTest.dummyMethod(java.lang.String): 
org.springframework.web.bind.MethodArgumentNotValidException: Validation failed for argument [0] in private void teamdevhub.devhub.medium.shared.exception.GlobalExceptionHandlerTest.dummyMethod(java.lang.String): 
	at teamdevhub.devhub.medium.shared.exception.GlobalExceptionHandlerTest$TestController.validationException(GlobalExceptionHandlerTest.java:45)
	at java.base/jdk.internal.reflect.NativeMethodAccessorImpl.invoke0(Native Method)
	at java.base/jdk.internal.reflect.NativeMethodAccessorImpl.invoke(NativeMethodAccessorImpl.java:77)
2026-09-16 14:53:36.924 [Test worker] ERROR t.d.o.s.f.CustomFilterExceptionHandler [] - FilterExceptionHandler response write error
java.lang.RuntimeException: Test Error occurred
	at teamdevhub.devhub.medium.outbound.security.filter.CustomFilterExceptionHandlerTest$1.getWriter(CustomFilterExceptionHandlerTest.java:62)
	at teamdevhub.devhub.outbound.security.filter.CustomFilterExceptionHandler.handle(CustomFilterExceptionHandler.java:30)
	at teamdevhub.devhub.medium.outbound.security.filter.CustomFilterExceptionHandlerTest.lambda$swallowExceptionIfResponseWriteFails$0(CustomFilterExceptionHandlerTest.java:68)
2026-09-16 14:53:41.450 [Test worker] ERROR ERROR_FILE [] - [null] -----GlobalExceptionHandler-----: 본인인증에 실패했습니다
teamdevhub.devhub.core.common.exception.BusinessRuleException: 본인인증에 실패했습니다
	at teamdevhub.devhub.core.common.exception.BusinessRuleException.of(BusinessRuleException.java:17)
	at teamdevhub.devhub.medium.shared.exception.GlobalExceptionHandlerTest$TestController.businessException(GlobalExceptionHandlerTest.java:40)
	at java.base/jdk.internal.reflect.NativeMethodAccessorImpl.invoke0(Native Method)
2026-09-16 14:53:41.453 [Test worker] ERROR t.d.s.e.GlobalExceptionHandler [] - [null] -----GlobalExceptionHandler-----: 본인인증에 실패했습니다
teamdevhub.devhub.core.common.exception.BusinessRuleException: 본인인증에 실패했습니다
	at teamdevhub.devhub.core.common.exception.BusinessRuleException.of(BusinessRuleException.java:17)
	at teamdevhub.devhub.medium.shared.exception.GlobalExceptionHandlerTest$TestController.businessException(GlobalExceptionHandlerTest.java:40)
	at java.base/jdk.internal.reflect.NativeMethodAccessorImpl.invoke0(Native Method)
2026-09-16 14:53:41.542 [Test worker] ERROR ERROR_FILE [] - [null] -----GlobalExceptionHandler-----: Test Error Occurred
java.lang.RuntimeException: Test Error Occurred
	at teamdevhub.devhub.medium.shared.exception.GlobalExceptionHandlerTest$TestController.genericException(GlobalExceptionHandlerTest.java:49)
	at java.base/jdk.internal.reflect.NativeMethodAccessorImpl.invoke0(Native Method)
	at java.base/jdk.internal.reflect.NativeMethodAccessorImpl.invoke(NativeMethodAccessorImpl.java:77)
2026-09-16 14:53:41.542 [Test worker] ERROR t.d.s.e.GlobalExceptionHandler [] - [null] -----GlobalExceptionHandler-----: Test Error Occurred
java.lang.RuntimeException: Test Error Occurred
	at teamdevhub.devhub.medium.shared.exception.GlobalExceptionHandlerTest$TestController.genericException(GlobalExceptionHandlerTest.java:49)
	at java.base/jdk.internal.reflect.NativeMethodAccessorImpl.invoke0(Native Method)
	at java.base/jdk.internal.reflect.NativeMethodAccessorImpl.invoke(NativeMethodAccessorImpl.java:77)
2026-09-16 14:53:41.553 [Test worker] ERROR ERROR_FILE [] - [null] -----GlobalExceptionHandler-----: 중복된 계정이 존재합니다
teamdevhub.devhub.core.common.exception.DomainRuleException: 중복된 계정이 존재합니다
	at teamdevhub.devhub.core.common.exception.DomainRuleException.of(DomainRuleException.java:17)
	at teamdevhub.devhub.medium.shared.exception.GlobalExceptionHandlerTest$TestController.domainException(GlobalExceptionHandlerTest.java:35)
	at java.base/jdk.internal.reflect.NativeMethodAccessorImpl.invoke0(Native Method)
2026-09-16 14:53:41.554 [Test worker] ERROR t.d.s.e.GlobalExceptionHandler [] - [null] -----GlobalExceptionHandler-----: 중복된 계정이 존재합니다
teamdevhub.devhub.core.common.exception.DomainRuleException: 중복된 계정이 존재합니다
	at teamdevhub.devhub.core.common.exception.DomainRuleException.of(DomainRuleException.java:17)
	at teamdevhub.devhub.medium.shared.exception.GlobalExceptionHandlerTest$TestController.domainException(GlobalExceptionHandlerTest.java:35)
	at java.base/jdk.internal.reflect.NativeMethodAccessorImpl.invoke0(Native Method)
2026-09-16 14:53:41.563 [Test worker] ERROR ERROR_FILE [] - [null] -----GlobalExceptionHandler-----: Validation failed for argument [0] in private void teamdevhub.devhub.medium.shared.exception.GlobalExceptionHandlerTest.dummyMethod(java.lang.String): 
org.springframework.web.bind.MethodArgumentNotValidException: Validation failed for argument [0] in private void teamdevhub.devhub.medium.shared.exception.GlobalExceptionHandlerTest.dummyMethod(java.lang.String): 
	at teamdevhub.devhub.medium.shared.exception.GlobalExceptionHandlerTest$TestController.validationException(GlobalExceptionHandlerTest.java:45)
	at java.base/jdk.internal.reflect.NativeMethodAccessorImpl.invoke0(Native Method)
	at java.base/jdk.internal.reflect.NativeMethodAccessorImpl.invoke(NativeMethodAccessorImpl.java:77)
2026-09-16 14:53:41.564 [Test worker] ERROR t.d.s.e.GlobalExceptionHandler [] - [null] -----GlobalExceptionHandler-----: Validation failed for argument [0] in private void teamdevhub.devhub.medium.shared.exception.GlobalExceptionHandlerTest.dummyMethod(java.lang.String): 
org.springframework.web.bind.MethodArgumentNotValidException: Validation failed for argument [0] in private void teamdevhub.devhub.medium.shared.exception.GlobalExceptionHandlerTest.dummyMethod(java.lang.String): 
	at teamdevhub.devhub.medium.shared.exception.GlobalExceptionHandlerTest$TestController.validationException(GlobalExceptionHandlerTest.java:45)
	at java.base/jdk.internal.reflect.NativeMethodAccessorImpl.invoke0(Native Method)
	at java.base/jdk.internal.reflect.NativeMethodAccessorImpl.invoke(NativeMethodAccessorImpl.java:77)
2026-09-16 14:56:33.545 [Test worker] ERROR t.d.o.s.f.CustomFilterExceptionHandler [] - FilterExceptionHandler response write error
java.lang.RuntimeException: Test Error occurred
	at teamdevhub.devhub.medium.outbound.security.filter.CustomFilterExceptionHandlerTest$1.getWriter(CustomFilterExceptionHandlerTest.java:62)
	at teamdevhub.devhub.outbound.security.filter.CustomFilterExceptionHandler.handle(CustomFilterExceptionHandler.java:30)
	at teamdevhub.devhub.medium.outbound.security.filter.CustomFilterExceptionHandlerTest.lambda$swallowExceptionIfResponseWriteFails$0(CustomFilterExceptionHandlerTest.java:68)
2026-09-16 14:56:39.020 [Test worker] ERROR ERROR_FILE [] - [null] -----GlobalExceptionHandler-----: 본인인증에 실패했습니다
teamdevhub.devhub.core.common.exception.BusinessRuleException: 본인인증에 실패했습니다
	at teamdevhub.devhub.core.common.exception.BusinessRuleException.of(BusinessRuleException.java:17)
	at teamdevhub.devhub.medium.shared.exception.GlobalExceptionHandlerTest$TestController.businessException(GlobalExceptionHandlerTest.java:40)
	at java.base/jdk.internal.reflect.NativeMethodAccessorImpl.invoke0(Native Method)
2026-09-16 14:56:39.022 [Test worker] ERROR t.d.s.e.GlobalExceptionHandler [] - [null] -----GlobalExceptionHandler-----: 본인인증에 실패했습니다
teamdevhub.devhub.core.common.exception.BusinessRuleException: 본인인증에 실패했습니다
	at teamdevhub.devhub.core.common.exception.BusinessRuleException.of(BusinessRuleException.java:17)
	at teamdevhub.devhub.medium.shared.exception.GlobalExceptionHandlerTest$TestController.businessException(GlobalExceptionHandlerTest.java:40)
	at java.base/jdk.internal.reflect.NativeMethodAccessorImpl.invoke0(Native Method)
2026-09-16 14:56:39.098 [Test worker] ERROR ERROR_FILE [] - [null] -----GlobalExceptionHandler-----: Test Error Occurred
java.lang.RuntimeException: Test Error Occurred
	at teamdevhub.devhub.medium.shared.exception.GlobalExceptionHandlerTest$TestController.genericException(GlobalExceptionHandlerTest.java:49)
	at java.base/jdk.internal.reflect.NativeMethodAccessorImpl.invoke0(Native Method)
	at java.base/jdk.internal.reflect.NativeMethodAccessorImpl.invoke(NativeMethodAccessorImpl.java:77)
2026-09-16 14:56:39.099 [Test worker] ERROR t.d.s.e.GlobalExceptionHandler [] - [null] -----GlobalExceptionHandler-----: Test Error Occurred
java.lang.RuntimeException: Test Error Occurred
	at teamdevhub.devhub.medium.shared.exception.GlobalExceptionHandlerTest$TestController.genericException(GlobalExceptionHandlerTest.java:49)
	at java.base/jdk.internal.reflect.NativeMethodAccessorImpl.invoke0(Native Method)
	at java.base/jdk.internal.reflect.NativeMethodAccessorImpl.invoke(NativeMethodAccessorImpl.java:77)
2026-09-16 14:56:39.114 [Test worker] ERROR ERROR_FILE [] - [null] -----GlobalExceptionHandler-----: 중복된 계정이 존재합니다
teamdevhub.devhub.core.common.exception.DomainRuleException: 중복된 계정이 존재합니다
	at teamdevhub.devhub.core.common.exception.DomainRuleException.of(DomainRuleException.java:17)
	at teamdevhub.devhub.medium.shared.exception.GlobalExceptionHandlerTest$TestController.domainException(GlobalExceptionHandlerTest.java:35)
	at java.base/jdk.internal.reflect.NativeMethodAccessorImpl.invoke0(Native Method)
2026-09-16 14:56:39.114 [Test worker] ERROR t.d.s.e.GlobalExceptionHandler [] - [null] -----GlobalExceptionHandler-----: 중복된 계정이 존재합니다
teamdevhub.devhub.core.common.exception.DomainRuleException: 중복된 계정이 존재합니다
	at teamdevhub.devhub.core.common.exception.DomainRuleException.of(DomainRuleException.java:17)
	at teamdevhub.devhub.medium.shared.exception.GlobalExceptionHandlerTest$TestController.domainException(GlobalExceptionHandlerTest.java:35)
	at java.base/jdk.internal.reflect.NativeMethodAccessorImpl.invoke0(Native Method)
2026-09-16 14:56:39.129 [Test worker] ERROR ERROR_FILE [] - [null] -----GlobalExceptionHandler-----: Validation failed for argument [0] in private void teamdevhub.devhub.medium.shared.exception.GlobalExceptionHandlerTest.dummyMethod(java.lang.String): 
org.springframework.web.bind.MethodArgumentNotValidException: Validation failed for argument [0] in private void teamdevhub.devhub.medium.shared.exception.GlobalExceptionHandlerTest.dummyMethod(java.lang.String): 
	at teamdevhub.devhub.medium.shared.exception.GlobalExceptionHandlerTest$TestController.validationException(GlobalExceptionHandlerTest.java:45)
	at java.base/jdk.internal.reflect.NativeMethodAccessorImpl.invoke0(Native Method)
	at java.base/jdk.internal.reflect.NativeMethodAccessorImpl.invoke(NativeMethodAccessorImpl.java:77)
2026-09-16 14:56:39.130 [Test worker] ERROR t.d.s.e.GlobalExceptionHandler [] - [null] -----GlobalExceptionHandler-----: Validation failed for argument [0] in private void teamdevhub.devhub.medium.shared.exception.GlobalExceptionHandlerTest.dummyMethod(java.lang.String): 
org.springframework.web.bind.MethodArgumentNotValidException: Validation failed for argument [0] in private void teamdevhub.devhub.medium.shared.exception.GlobalExceptionHandlerTest.dummyMethod(java.lang.String): 
	at teamdevhub.devhub.medium.shared.exception.GlobalExceptionHandlerTest$TestController.validationException(GlobalExceptionHandlerTest.java:45)
	at java.base/jdk.internal.reflect.NativeMethodAccessorImpl.invoke0(Native Method)
	at java.base/jdk.internal.reflect.NativeMethodAccessorImpl.invoke(NativeMethodAccessorImpl.java:77)
2026-09-16 21:49:08.938 [Test worker] ERROR o.s.b.d.LoggingFailureAnalysisReporter [] - 

***************************
APPLICATION FAILED TO START
***************************

Description:

The bean 'jpaBannerRepository', defined in teamdevhub.devhub.administration.outbound.admin.banner.persistence.JpaBannerRepository defined in @EnableJpaRepositories declared on JpaRepositoriesRegistrar.EnableJpaRepositoriesConfiguration, could not be registered. A bean with that name has already been defined in teamdevhub.devhub.administration.outbound.admin.banner.persistence.JpaBannerRepository defined in @EnableJpaRepositories declared on JpaRepositoriesRegistrar.EnableJpaRepositoriesConfiguration and overriding is disabled.

Action:

Consider renaming one of the beans or enabling overriding by setting spring.main.allow-bean-definition-overriding=true

2026-09-16 21:49:11.799 [Test worker] ERROR o.s.b.d.LoggingFailureAnalysisReporter [] - 

***************************
APPLICATION FAILED TO START
***************************

Description:

The bean 'jpaTermsRepository', defined in teamdevhub.devhub.administration.outbound.terms.persistence.JpaTermsRepository defined in @EnableJpaRepositories declared on JpaRepositoriesRegistrar.EnableJpaRepositoriesConfiguration, could not be registered. A bean with that name has already been defined in teamdevhub.devhub.administration.outbound.terms.persistence.JpaTermsRepository defined in @EnableJpaRepositories declared on JpaRepositoriesRegistrar.EnableJpaRepositoriesConfiguration and overriding is disabled.

Action:

Consider renaming one of the beans or enabling overriding by setting spring.main.allow-bean-definition-overriding=true

2026-09-16 21:50:31.875 [Test worker] ERROR o.s.b.d.LoggingFailureAnalysisReporter [] - 

***************************
APPLICATION FAILED TO START
***************************

Description:

The bean 'jpaProjectApplicationFormRepository', defined in teamdevhub.devhub.project.outbound.application.persistence.JpaProjectApplicationFormRepository defined in @EnableJpaRepositories declared on JpaRepositoriesRegistrar.EnableJpaRepositoriesConfiguration, could not be registered. A bean with that name has already been defined in teamdevhub.devhub.project.outbound.application.persistence.JpaProjectApplicationFormRepository defined in @EnableJpaRepositories declared on JpaRepositoriesRegistrar.EnableJpaRepositoriesConfiguration and overriding is disabled.

Action:

Consider renaming one of the beans or enabling overriding by setting spring.main.allow-bean-definition-overriding=true

2026-09-16 21:50:34.130 [Test worker] ERROR o.s.b.d.LoggingFailureAnalysisReporter [] - 

***************************
APPLICATION FAILED TO START
***************************

Description:

The bean 'jpaApplicationFormItemRepository', defined in teamdevhub.devhub.administration.outbound.admin.form.persistence.JpaApplicationFormItemRepository defined in @EnableJpaRepositories declared on JpaRepositoriesRegistrar.EnableJpaRepositoriesConfiguration, could not be registered. A bean with that name has already been defined in teamdevhub.devhub.administration.outbound.admin.form.persistence.JpaApplicationFormItemRepository defined in @EnableJpaRepositories declared on JpaRepositoriesRegistrar.EnableJpaRepositoriesConfiguration and overriding is disabled.

Action:

Consider renaming one of the beans or enabling overriding by setting spring.main.allow-bean-definition-overriding=true

2026-09-16 21:58:54.430 [Test worker] ERROR o.s.boot.SpringApplication [] - Application run failed
org.springframework.beans.factory.BeanDefinitionStoreException: Failed to parse configuration class [teamdevhub.devhub.DevhubApplication]
	at org.springframework.context.annotation.ConfigurationClassParser.parse(ConfigurationClassParser.java:194)
	at org.springframework.context.annotation.ConfigurationClassPostProcessor.processConfigBeanDefinitions(ConfigurationClassPostProcessor.java:418)
	at org.springframework.context.annotation.ConfigurationClassPostProcessor.postProcessBeanDefinitionRegistry(ConfigurationClassPostProcessor.java:290)
Caused by: org.springframework.context.annotation.ConflictingBeanDefinitionException: Annotation-specified bean name 'queryDslConfig' for bean class [teamdevhub.devhub.platform.config.QueryDslConfig] conflicts with existing, non-compatible bean definition of same name and class [teamdevhub.devhub.bootstrap.config.QueryDslConfig]
	at org.springframework.context.annotation.ClassPathBeanDefinitionScanner.checkCandidate(ClassPathBeanDefinitionScanner.java:361)
	at org.springframework.context.annotation.ClassPathBeanDefinitionScanner.doScan(ClassPathBeanDefinitionScanner.java:288)
	at org.springframework.context.annotation.ComponentScanAnnotationParser.parse(ComponentScanAnnotationParser.java:128)
2026-09-16 21:58:55.688 [Test worker] ERROR o.s.boot.SpringApplication [] - Application run failed
org.springframework.beans.factory.BeanDefinitionStoreException: Failed to parse configuration class [teamdevhub.devhub.DevhubApplication]
	at org.springframework.context.annotation.ConfigurationClassParser.parse(ConfigurationClassParser.java:194)
	at org.springframework.context.annotation.ConfigurationClassPostProcessor.processConfigBeanDefinitions(ConfigurationClassPostProcessor.java:418)
	at org.springframework.context.annotation.ConfigurationClassPostProcessor.postProcessBeanDefinitionRegistry(ConfigurationClassPostProcessor.java:290)
Caused by: org.springframework.context.annotation.ConflictingBeanDefinitionException: Annotation-specified bean name 'queryDslConfig' for bean class [teamdevhub.devhub.platform.config.QueryDslConfig] conflicts with existing, non-compatible bean definition of same name and class [teamdevhub.devhub.bootstrap.config.QueryDslConfig]
	at org.springframework.context.annotation.ClassPathBeanDefinitionScanner.checkCandidate(ClassPathBeanDefinitionScanner.java:361)
	at org.springframework.context.annotation.ClassPathBeanDefinitionScanner.doScan(ClassPathBeanDefinitionScanner.java:288)
	at org.springframework.context.annotation.ComponentScanAnnotationParser.parse(ComponentScanAnnotationParser.java:128)
